packets_per_second,avg_request_rate,failed_connections,unique_ports,bytes_per_packet,connection_duration,payload_entropy,label
31,1.76,2,3,464.38,9.08,5.5,normal
32,3.07,1,1,466.71,7.89,6.11,normal
35,0.47,2,4,281.44,9.48,3.82,normal
38,2.9,1,4,438.09,6.68,6.07,normal
19,1.47,3,4,601.58,4.88,5.07,normal
1,1.12,0,5,371.07,1.19,6.02,normal
41,2.14,0,2,163.33,3.13,5.15,normal
24,1.42,0,3,465.38,1.23,4.32,normal
13,2.18,2,4,328.48,8.47,6.06,normal
26,3.28,1,0,340.5,3.77,4.43,normal
18,1.05,2,4,268.67,4.83,5.39,normal
27,0.96,1,4,182.73,3.64,4.52,normal
27,2.45,0,1,209.56,7.71,5.95,normal
40,3.25,2,1,197.09,8.86,5.55,normal
20,0.8,1,2,220.65,1.06,5.67,normal
24,2.8,0,4,257.07,6.02,3.39,normal
41,2.64,0,5,457.38,3.84,4.42,normal
16,1.5,1,3,267.01,6.64,4.34,normal
36,1.07,0,2,272.96,6.29,4.42,normal
12,3.65,1,2,493.4,2.46,4.56,normal
34,2.52,1,1,552.9,7.59,6.59,normal
42,3.44,1,1,455.58,8.24,5.54,normal
12,1.07,1,1,182.2,6.28,5.98,normal
0,2.57,2,1,497.3,6.57,3.49,normal
40,3.3,2,4,363.03,6.11,3.52,normal
42,0.9,3,2,279.76,1.86,4.13,normal
22,2.45,3,1,520.39,6.77,4.73,normal
17,1.0,2,1,459.16,5.95,3.8,normal
35,1.9,0,3,559.69,1.76,4.04,normal
31,2.48,0,1,423.53,7.07,5.48,normal
15,1.55,3,3,401.0,9.47,5.44,normal
23,0.35,0,2,448.26,5.12,3.63,normal
38,1.0,2,2,505.62,9.77,5.58,normal
16,2.37,0,5,461.3,1.91,5.27,normal
17,3.03,1,2,386.07,5.29,5.94,normal
33,0.98,1,0,557.75,9.05,3.73,normal
37,3.42,3,2,333.55,1.11,4.28,normal
0,1.07,3,1,427.88,7.7,4.21,normal
19,0.22,3,3,354.78,5.57,4.87,normal
0,1.01,1,2,335.88,6.68,5.19,normal
45,0.93,3,4,236.71,9.65,4.92,normal
22,3.09,2,3,234.73,7.8,6.01,normal
3,1.82,2,1,325.35,9.7,5.09,normal
10,2.94,0,4,599.97,5.89,4.38,normal
5,1.27,0,1,211.82,9.78,4.62,normal
35,2.13,3,3,470.42,4.89,5.09,normal
11,2.63,2,4,352.44,4.81,5.08,normal
7,2.29,1,2,285.47,8.51,3.98,normal
7,0.72,3,2,363.74,0.88,4.1,normal
0,3.2,0,4,477.12,2.42,6.32,normal
18,2.84,3,1,498.07,4.55,4.32,normal
28,3.52,3,2,378.48,7.78,4.44,normal
47,1.49,3,3,559.36,0.84,4.31,normal
0,3.16,3,4,350.36,0.6,4.95,normal
8,1.33,0,3,298.7,4.29,5.36,normal
12,2.52,3,2,305.53,8.32,4.82,normal
25,2.59,3,2,456.14,6.68,3.43,normal
6,3.02,0,1,417.42,3.91,5.41,normal
34,3.16,1,3,343.57,8.13,3.8,normal
5,1.43,2,5,409.73,1.9,4.78,normal
38,0.34,2,4,590.59,2.65,4.94,normal
37,3.53,3,2,506.34,3.37,4.7,normal
12,2.15,3,1,330.35,7.03,5.81,normal
6,1.43,1,1,208.33,9.77,5.69,normal
37,2.8,2,1,362.93,3.66,4.89,normal
31,3.0,3,4,350.86,7.65,5.97,normal
22,1.03,1,2,396.09,5.67,5.81,normal
16,2.96,0,2,287.04,4.58,3.81,normal
27,1.29,0,4,221.73,3.21,4.98,normal
21,1.7,2,4,245.13,8.66,3.97,normal
27,2.77,0,3,186.75,7.84,4.63,normal
36,1.13,3,2,189.65,2.34,4.15,normal
40,0.77,2,4,204.66,4.22,5.61,normal
28,1.01,1,4,291.59,8.08,4.75,normal
25,2.37,0,3,454.19,2.4,4.5,normal
38,2.43,1,1,331.27,7.8,5.31,normal
45,1.9,2,4,388.11,1.65,6.0,normal
25,1.97,0,2,606.76,11.32,5.11,normal
19,1.21,0,1,216.98,5.94,4.02,normal
25,1.17,1,2,216.37,5.85,5.14,normal
32,1.18,1,4,300.25,8.02,5.14,normal
27,1.92,2,1,629.61,3.39,3.6,normal
26,3.36,2,2,331.0,7.27,5.29,normal
22,3.4,1,3,594.21,6.61,6.01,normal
27,2.18,1,3,202.35,5.69,6.12,normal
28,3.35,2,3,445.23,0.48,4.88,normal
24,1.14,3,3,425.38,7.46,3.78,normal
3,0.73,1,4,437.44,3.08,3.4,normal
14,1.95,2,4,436.32,5.65,5.35,normal
14,3.0,0,2,263.09,4.96,5.26,normal
36,2.73,3,3,591.46,3.37,4.47,normal
42,2.54,0,1,386.35,5.93,5.69,normal
29,3.25,2,2,575.48,2.96,6.08,normal
25,2.45,0,2,475.76,7.07,5.46,normal
31,2.82,1,3,253.51,9.53,4.84,normal
43,2.9,2,1,426.72,5.37,5.32,normal
35,1.52,2,3,357.69,8.37,4.03,normal
38,2.93,3,2,257.2,5.21,4.19,normal
14,2.12,2,3,238.43,9.18,3.62,normal
30,2.67,0,3,189.95,4.01,5.51,normal
30,2.91,0,3,328.05,4.78,3.93,normal
21,3.09,1,3,353.18,4.22,3.99,normal
15,2.96,0,1,365.87,1.78,5.51,normal
14,2.24,1,1,557.92,8.55,5.63,normal
1,1.55,2,3,514.06,6.45,4.47,normal
49,0.5,0,3,430.9,9.1,4.14,normal
31,1.47,0,4,449.42,2.92,3.71,normal
54,1.49,2,1,320.95,6.7,4.54,normal
40,1.29,2,2,228.56,3.18,3.93,normal
22,3.03,3,4,297.68,4.44,5.0,normal
13,2.76,2,4,261.13,7.64,5.77,normal
30,1.67,1,1,465.62,3.78,5.2,normal
16,0.69,1,4,431.55,1.38,5.83,normal
17,2.16,2,3,298.18,3.93,4.75,normal
0,0.52,0,2,296.53,7.17,4.22,normal
10,1.37,3,1,526.02,3.04,3.8,normal
31,1.13,2,5,446.06,2.09,5.46,normal
39,1.05,1,3,283.29,4.61,3.67,normal
4,1.39,0,1,506.32,8.49,6.09,normal
40,1.31,1,4,395.81,6.93,3.79,normal
12,2.27,1,1,247.43,3.8,4.39,normal
47,1.13,1,2,195.88,4.71,3.77,normal
38,3.11,0,2,543.92,4.45,4.12,normal
7,2.32,1,1,463.89,6.32,4.27,normal
42,3.07,1,4,330.52,9.25,5.27,normal
2,0.62,1,2,438.81,5.53,5.81,normal
37,1.58,3,1,268.15,4.97,4.03,normal
36,2.44,2,2,480.56,8.32,4.81,normal
23,0.84,2,3,173.16,0.53,5.43,normal
19,1.49,0,3,461.98,3.46,5.36,normal
5,1.45,0,4,420.56,6.18,4.55,normal
28,2.94,3,1,279.75,2.13,6.23,normal
22,1.82,3,3,302.05,2.12,3.29,normal
40,1.05,1,4,431.43,6.82,4.54,normal
17,1.02,2,1,393.66,11.15,4.08,normal
0,3.28,1,3,373.35,4.51,4.65,normal
28,2.15,1,1,616.64,5.0,4.92,normal
27,1.09,1,3,242.05,5.95,5.38,normal
30,2.91,0,4,402.13,2.81,5.46,normal
21,1.23,0,3,437.75,10.33,5.78,normal
36,0.88,1,2,409.24,7.55,5.01,normal
21,2.82,0,3,355.5,9.15,4.37,normal
26,0.67,2,1,372.41,8.93,5.51,normal
38,1.54,3,1,560.77,7.91,4.0,normal
28,3.2,2,1,421.46,8.23,4.53,normal
9,3.11,0,1,617.46,7.16,5.69,normal
0,0.56,0,4,303.08,7.81,3.83,normal
18,1.29,1,4,612.75,8.07,4.88,normal
36,1.57,3,2,520.17,7.45,5.52,normal
32,1.02,3,3,185.19,3.61,4.81,normal
34,0.93,0,1,309.9,2.3,6.02,normal
33,0.57,1,3,231.14,1.78,5.53,normal
38,3.45,1,5,127.09,3.37,5.44,normal
19,3.23,4,2,360.59,7.84,3.44,normal
36,0.77,0,1,541.99,3.38,3.64,normal
7,3.08,3,5,575.23,5.96,4.44,normal
2,3.39,3,4,386.69,7.15,5.01,normal
26,3.27,2,3,413.79,4.4,5.53,normal
2,2.29,2,2,355.63,5.56,5.92,normal
25,3.48,2,2,394.45,0.31,4.41,normal
40,1.32,0,3,515.71,8.13,4.77,normal
29,3.4,2,3,308.43,4.37,3.22,normal
38,1.12,3,4,493.06,7.64,4.82,normal
17,1.65,3,1,517.98,8.5,3.83,normal
32,3.03,3,3,597.14,4.25,4.36,normal
16,1.07,2,3,379.99,1.27,5.67,normal
8,1.8,0,3,252.19,2.54,4.05,normal
32,1.95,3,2,583.46,7.59,5.47,normal
45,3.55,2,3,444.47,8.78,5.03,normal
36,3.54,0,4,263.13,7.9,4.92,normal
15,1.37,0,2,343.66,5.42,5.02,normal
8,1.91,2,4,536.44,1.49,4.47,normal
28,2.0,3,2,495.92,4.93,5.55,normal
5,2.56,1,2,550.2,8.39,4.91,normal
3,2.46,3,3,501.59,7.67,4.17,normal
51,2.84,2,3,461.6,8.14,5.27,normal
22,3.51,3,3,551.04,6.09,4.9,normal
25,1.55,3,3,580.31,4.91,5.01,normal
20,1.62,3,4,194.45,2.69,4.22,normal
47,1.6,2,4,193.81,2.23,4.97,normal
5,3.19,2,3,315.03,6.02,4.35,normal
3,1.62,1,1,230.73,1.73,5.05,normal
36,2.04,2,2,513.03,9.27,4.07,normal
4,3.67,2,4,425.36,1.45,6.06,normal
38,3.28,3,1,265.82,6.9,4.55,normal
3,1.54,3,4,466.31,6.44,5.01,normal
15,3.41,3,4,615.54,6.45,4.07,normal
5,1.56,0,1,220.57,4.42,5.72,normal
4,1.84,0,4,478.88,2.51,5.86,normal
43,1.16,0,2,191.42,7.02,4.93,normal
20,3.13,3,3,606.75,6.64,5.13,normal
43,1.15,2,4,251.97,2.29,4.2,normal
18,1.49,3,1,160.93,5.25,4.0,normal
45,2.0,3,1,246.87,2.83,5.66,normal
9,3.13,2,4,539.88,1.48,5.62,normal
37,0.47,0,3,406.36,7.65,5.67,normal
25,3.49,2,2,411.88,5.56,3.84,normal
5,2.34,0,0,468.42,6.96,4.32,normal
6,3.26,2,0,224.02,10.46,4.6,normal
30,1.76,2,1,351.43,7.03,3.87,normal
19,0.97,3,4,438.77,5.07,4.24,normal
43,1.98,1,4,409.61,7.49,5.13,normal
40,2.95,3,3,426.17,9.06,4.42,normal
34,2.62,0,1,287.2,8.94,4.33,normal
1,3.26,0,2,234.84,2.57,5.66,normal
27,2.28,1,2,433.46,8.33,4.52,normal
26,0.63,2,4,402.88,9.24,4.5,normal
19,3.36,3,2,397.69,8.38,5.52,normal
15,0.28,0,3,463.24,2.49,6.01,normal
38,1.05,1,3,381.68,7.04,5.14,normal
21,1.31,3,4,184.62,7.43,4.81,normal
24,0.88,1,1,406.31,0.29,5.43,normal
5,0.51,0,2,541.99,3.46,4.99,normal
26,1.28,3,3,478.62,5.7,4.17,normal
33,1.99,3,4,420.58,0.71,4.91,normal
33,0.64,1,1,470.01,6.31,4.17,normal
44,1.16,3,4,465.75,7.33,4.96,normal
47,2.08,2,3,436.56,5.66,3.73,normal
27,2.77,1,4,363.82,2.94,5.28,normal
4,1.05,3,4,393.85,8.46,5.86,normal
29,3.39,2,4,259.12,7.91,4.3,normal
27,3.45,2,4,492.05,7.02,3.98,normal
4,0.8,1,2,483.9,7.49,5.0,normal
36,2.39,1,4,417.85,5.62,4.2,normal
39,2.13,3,2,437.28,9.15,4.86,normal
26,0.79,3,2,207.33,3.17,3.56,normal
42,1.97,0,4,449.88,4.56,3.96,normal
28,1.37,1,3,280.33,8.94,4.7,normal
43,1.6,1,2,513.03,4.97,4.49,normal
42,3.29,3,1,488.56,4.72,5.98,normal
25,0.81,2,2,221.82,8.32,5.26,normal
27,3.49,2,4,313.78,6.86,4.91,normal
0,1.82,0,4,508.32,3.69,4.5,normal
17,1.53,3,2,318.79,10.37,4.08,normal
18,1.19,2,4,494.65,7.21,3.93,normal
2,3.38,0,3,616.45,7.33,4.91,normal
50,1.44,1,2,293.04,6.8,5.76,normal
43,1.74,1,3,232.56,6.94,4.99,normal
42,1.02,3,3,334.36,3.95,5.74,normal
18,2.31,2,2,216.77,7.93,4.29,normal
26,1.48,3,3,477.71,5.18,4.19,normal
4,0.67,2,3,404.98,3.62,4.53,normal
44,3.19,0,0,380.53,7.3,5.16,normal
33,3.51,2,1,480.61,11.93,3.93,normal
14,1.99,2,1,559.72,4.95,4.75,normal
26,2.33,1,2,340.25,11.13,6.03,normal
21,0.39,0,1,406.99,0.0,5.43,normal
18,1.58,0,1,365.32,1.43,4.56,normal
45,2.52,3,1,215.2,9.07,4.31,normal
19,2.12,1,2,549.3,6.11,4.13,normal
37,1.51,1,2,456.2,8.1,5.68,normal
44,0.84,2,2,403.95,4.38,4.73,normal
31,0.69,0,3,286.06,4.41,3.1,normal
0,0.98,2,1,265.92,3.38,4.61,normal
20,2.68,0,1,252.65,3.25,5.99,normal
10,1.44,1,1,457.34,8.18,3.61,normal
25,1.31,3,4,240.46,3.07,3.92,normal
20,3.04,1,0,369.07,10.21,4.45,normal
36,3.0,3,4,581.75,5.72,5.53,normal
30,2.44,3,2,293.42,2.39,5.04,normal
28,1.49,1,3,250.03,3.88,4.88,normal
42,2.32,3,3,483.91,4.9,4.02,normal
15,2.94,0,3,263.7,9.05,5.47,normal
8,2.52,1,2,266.37,7.15,5.47,normal
17,1.78,2,3,467.04,4.67,3.68,normal
8,1.02,2,4,377.86,5.02,5.95,normal
18,1.1,3,1,373.06,2.08,4.04,normal
13,3.04,0,4,476.85,1.99,5.87,normal
2,1.8,0,3,480.75,5.51,4.59,normal
13,3.27,0,3,308.7,9.79,4.55,normal
35,1.89,3,1,226.76,3.94,3.86,normal
42,2.83,0,1,405.16,3.18,5.95,normal
29,2.52,2,4,283.63,8.8,5.61,normal
36,1.74,2,3,415.88,2.69,4.53,normal
27,3.69,0,3,405.56,2.58,5.46,normal
26,1.6,0,3,618.84,4.47,4.22,normal
23,1.27,0,4,521.4,7.4,4.36,normal
23,3.51,0,2,262.7,4.07,6.3,normal
31,2.11,4,2,497.03,7.99,4.05,normal
45,0.6,2,2,229.56,8.49,4.17,normal
37,2.84,0,2,343.93,7.09,5.3,normal
30,2.22,0,1,444.12,7.48,5.58,normal
31,3.15,2,4,373.11,6.27,3.7,normal
20,3.75,1,1,384.56,2.61,3.95,normal
44,1.42,3,1,264.29,1.87,5.71,normal
4,3.04,0,3,275.71,2.43,6.42,normal
11,1.51,0,3,247.18,11.85,5.39,normal
23,3.32,1,1,381.16,5.5,3.76,normal
28,2.42,0,3,587.3,4.71,4.23,normal
10,0.53,0,2,491.75,3.76,5.22,normal
26,1.03,3,3,385.94,0.15,4.48,normal
42,2.14,0,1,484.11,8.17,5.39,normal
17,3.39,0,3,425.74,4.02,4.48,normal
39,1.3,1,1,190.98,1.36,4.1,normal
9,3.37,1,1,588.76,5.4,6.01,normal
21,1.78,1,4,389.08,10.5,4.95,normal
22,2.88,3,0,449.95,6.23,4.4,normal
5,0.62,1,3,374.77,3.12,4.92,normal
39,1.37,2,3,488.37,2.24,3.83,normal
14,3.26,3,2,397.66,3.49,4.23,normal
23,1.24,1,4,397.12,2.58,4.18,normal
3,2.08,1,4,310.63,2.25,5.45,normal
10,1.09,1,2,240.8,8.68,4.96,normal
39,0.71,1,2,508.05,10.56,5.5,normal
13,1.53,2,3,544.6,9.83,4.32,normal
19,1.27,3,3,313.0,2.24,4.87,normal
43,1.73,4,2,167.43,8.97,6.14,normal
35,2.83,2,4,442.18,7.24,6.28,normal
4,1.5,3,4,205.77,5.74,4.76,normal
43,2.76,3,2,491.43,0.8,4.94,normal
27,2.35,3,3,468.92,4.84,3.38,normal
41,2.88,2,1,590.85,3.74,3.85,normal
2,2.87,1,2,374.93,8.92,4.47,normal
44,2.79,0,1,562.47,5.93,4.94,normal
30,2.65,3,4,605.12,0.08,4.85,normal
23,0.62,0,3,408.01,7.12,6.21,normal
29,3.24,1,1,193.75,1.15,5.63,normal
45,2.45,0,3,414.96,9.49,5.56,normal
46,2.89,1,4,235.44,2.23,4.85,normal
8,1.22,2,1,328.83,4.91,5.72,normal
8,3.4,2,3,343.09,1.92,4.27,normal
13,1.78,0,3,302.24,1.32,3.69,normal
26,1.23,2,4,231.13,6.23,3.6,normal
33,2.07,3,1,482.4,2.62,4.94,normal
26,2.95,2,3,581.15,5.55,4.44,normal
39,1.41,0,2,261.5,2.73,4.88,normal
32,2.64,2,1,339.61,4.96,4.98,normal
7,2.18,1,4,379.02,1.76,4.37,normal
21,2.21,3,3,608.81,3.06,5.61,normal
42,3.42,1,2,444.26,8.36,3.91,normal
29,2.88,3,4,327.86,5.3,4.76,normal
36,0.55,2,3,513.73,5.26,5.33,normal
10,2.6,1,1,246.81,4.75,4.75,normal
46,3.02,0,2,384.63,1.33,4.37,normal
0,1.34,0,2,510.01,10.79,3.36,normal
24,2.24,3,4,340.83,2.29,3.96,normal
16,1.59,3,1,295.25,7.11,5.51,normal
20,1.73,3,3,564.5,3.77,6.31,normal
21,2.88,2,2,250.87,6.83,4.42,normal
5,1.69,3,4,366.18,4.67,4.56,normal
0,2.77,3,4,492.18,8.12,5.96,normal
36,1.88,1,2,227.74,6.84,5.51,normal
43,1.78,0,2,404.0,3.52,4.49,normal
21,2.03,1,1,373.43,8.65,4.92,normal
35,3.05,1,3,543.16,3.68,5.39,normal
24,2.78,1,4,420.79,8.16,4.22,normal
15,3.69,2,2,258.58,1.99,5.96,normal
43,0.47,2,1,411.33,2.58,3.92,normal
25,2.91,2,1,400.36,8.03,4.59,normal
40,1.02,2,1,391.14,8.63,5.39,normal
10,0.89,3,4,325.68,8.48,5.14,normal
31,0.62,3,2,276.78,9.92,5.7,normal
41,2.71,1,4,204.29,4.72,2.98,normal
20,2.65,3,4,435.32,4.28,4.48,normal
28,3.28,2,4,398.34,5.66,4.49,normal
42,0.19,1,4,513.02,6.68,5.31,normal
34,0.82,3,1,225.46,3.54,4.09,normal
34,2.47,2,2,259.41,8.48,3.58,normal
31,1.55,1,4,518.41,2.75,4.39,normal
0,1.6,2,2,501.03,9.82,3.86,normal
23,2.22,3,2,510.02,5.76,4.52,normal
36,3.32,1,4,574.37,8.5,5.64,normal
34,0.49,1,4,432.96,6.5,5.73,normal
1,0.65,1,1,201.47,10.67,4.62,normal
17,1.53,1,3,404.15,6.97,4.55,normal
32,1.97,0,4,441.28,7.97,3.69,normal
11,3.18,3,3,521.06,9.77,5.36,normal
14,2.68,1,1,526.31,11.69,5.14,normal
35,0.17,2,2,318.02,9.86,3.93,normal
9,1.1,1,2,334.71,3.65,3.26,normal
27,1.36,3,3,497.87,7.04,4.77,normal
29,1.31,1,1,591.41,3.1,4.9,normal
32,2.89,3,1,561.54,7.84,5.42,normal
11,3.27,0,1,538.97,3.41,4.04,normal
11,3.38,2,1,639.74,2.3,3.47,normal
15,3.22,0,2,174.6,3.11,5.2,normal
25,2.33,3,2,403.48,8.29,4.12,normal
8,0.19,2,2,190.7,7.99,6.46,normal
40,0.84,0,2,273.06,7.56,4.04,normal
6,0.74,3,2,386.31,3.87,4.26,normal
32,3.37,0,2,473.65,6.79,5.53,normal
13,1.52,1,4,250.38,5.89,3.01,normal
26,1.41,0,1,631.24,2.99,4.04,normal
45,2.14,1,3,462.21,2.32,4.88,normal
31,1.27,1,1,504.79,5.38,5.92,normal
17,0.13,2,3,368.16,3.7,5.25,normal
33,1.1,2,3,361.24,6.96,4.37,normal
50,1.37,0,1,443.55,1.14,3.55,normal
27,2.56,0,2,392.67,6.17,5.26,normal
24,3.04,1,1,622.04,6.53,5.72,normal
0,3.38,0,2,447.41,8.54,3.48,normal
1,3.18,1,3,447.69,9.35,5.65,normal
38,2.67,0,4,450.12,1.93,3.92,normal
39,2.13,2,4,295.42,1.17,4.85,normal
23,1.51,1,4,393.69,7.14,4.14,normal
21,2.76,2,3,315.64,3.84,3.93,normal
35,2.56,0,4,307.42,10.78,5.16,normal
38,1.37,0,2,424.46,2.02,3.88,normal
24,0.34,0,1,391.63,6.14,4.37,normal
20,2.44,2,1,212.05,8.49,4.36,normal
14,3.05,1,3,385.57,9.11,5.27,normal
38,2.27,0,2,479.18,7.05,4.03,normal
9,0.79,2,3,412.09,3.05,5.48,normal
26,0.49,2,3,463.96,4.22,3.41,normal
2,2.9,3,2,489.95,0.78,3.42,normal
39,2.55,2,1,573.2,6.32,4.57,normal
3,0.81,0,4,369.74,2.24,5.47,normal
33,2.63,0,4,597.91,4.26,3.61,normal
19,2.86,1,4,346.39,10.2,5.71,normal
42,1.66,3,1,412.58,2.94,3.83,normal
1,2.82,3,3,200.53,8.48,4.2,normal
17,2.7,2,4,147.36,1.13,4.44,normal
20,1.71,3,3,336.29,5.38,4.73,normal
5,2.59,0,2,516.88,2.02,4.8,normal
6,0.79,2,1,479.45,5.13,4.72,normal
31,2.62,0,2,362.16,9.43,4.95,normal
17,2.61,2,2,419.23,2.22,4.62,normal
37,1.69,3,2,566.33,4.61,5.14,normal
18,0.49,3,4,441.38,8.77,4.05,normal
26,2.31,2,3,454.97,4.97,4.23,normal
40,2.04,1,4,300.57,3.83,5.47,normal
8,3.03,1,4,233.3,4.0,4.85,normal
17,1.81,0,2,590.87,7.99,4.79,normal
30,2.98,4,4,306.26,10.9,5.1,normal
15,0.88,3,1,191.84,9.36,3.93,normal
23,3.32,1,1,479.28,2.1,3.89,normal
41,2.2,0,4,357.56,1.98,6.16,normal
12,0.69,1,3,305.65,1.73,3.96,normal
16,0.97,0,2,205.51,0.77,6.17,normal
6,2.66,2,4,287.67,6.28,4.37,normal
25,3.05,2,4,355.18,1.78,5.99,normal
49,0.94,3,1,191.29,1.6,4.79,normal
37,3.11,2,1,455.67,6.17,5.31,normal
32,3.93,0,1,202.74,8.81,5.74,normal
31,2.54,0,4,576.73,8.79,5.25,normal
6,3.09,1,2,349.76,11.36,3.63,normal
32,0.41,0,1,279.09,6.46,4.26,normal
6,1.4,0,1,322.74,2.85,3.91,normal
42,3.41,0,1,331.44,1.58,4.2,normal
4,3.03,0,1,273.07,5.17,4.45,normal
7,0.87,2,4,531.21,5.24,5.71,normal
0,1.5,2,2,276.51,0.16,3.98,normal
25,2.0,2,4,484.6,1.89,4.47,normal
31,0.26,2,4,277.58,6.78,4.73,normal
0,2.95,0,4,270.84,3.18,4.22,normal
35,0.87,1,3,586.97,6.18,4.56,normal
13,2.55,0,1,541.85,2.28,5.44,normal
44,0.75,3,4,574.38,5.04,5.8,normal
6,2.98,1,4,424.75,3.9,5.15,normal
37,3.01,2,3,276.33,5.55,3.98,normal
35,3.05,2,2,592.69,8.83,5.59,normal
12,3.33,2,1,240.04,1.33,4.32,normal
39,0.98,3,4,601.55,5.69,3.75,normal
26,2.14,1,1,498.95,6.39,4.22,normal
24,1.59,1,1,556.34,2.84,3.21,normal
34,3.65,2,1,356.12,9.51,4.4,normal
10,2.88,1,1,442.18,6.66,5.38,normal
0,1.11,0,1,499.44,6.31,5.83,normal
0,1.31,0,2,311.9,6.54,5.81,normal
37,2.31,3,1,467.34,8.34,5.65,normal
22,0.59,1,1,538.89,1.25,3.54,normal
36,2.24,2,3,547.02,7.09,4.99,normal
7,2.7,3,3,425.78,8.89,4.73,normal
12,2.63,3,4,388.21,3.04,3.68,normal
13,2.71,0,4,239.83,5.1,6.1,normal
12,3.11,0,4,337.77,6.49,5.8,normal
20,1.36,0,2,454.09,3.55,4.61,normal
14,2.26,2,2,401.64,3.37,3.57,normal
31,1.02,0,1,450.31,5.24,5.22,normal
30,2.13,2,1,256.85,7.47,3.9,normal
14,2.42,0,3,394.55,6.47,5.96,normal
15,2.08,4,2,489.68,5.48,5.47,normal
22,2.95,0,1,501.55,6.35,5.14,normal
48,0.7,2,3,248.39,5.35,6.27,normal
29,2.29,0,2,404.64,3.09,3.56,normal
33,3.08,1,2,614.86,4.24,4.95,normal
22,0.34,0,3,426.96,3.19,4.05,normal
23,3.21,1,1,369.65,5.2,5.72,normal
37,0.02,0,3,226.45,1.28,5.5,normal
9,0.56,1,2,345.13,5.5,5.05,normal
28,2.76,1,4,465.2,9.16,4.51,normal
2,0.69,0,1,471.5,5.68,5.55,normal
14,3.11,0,4,548.54,4.42,4.54,normal
15,1.06,3,1,244.23,6.93,4.86,normal
21,0.89,0,4,501.69,3.93,4.21,normal
39,2.13,3,2,327.66,9.52,4.69,normal
6,2.06,0,1,237.2,4.81,3.84,normal
25,1.94,3,3,480.38,3.97,4.97,normal
20,2.8,0,4,519.51,2.83,4.89,normal
15,1.88,0,3,528.17,4.07,5.01,normal
38,0.93,3,3,358.2,7.4,5.64,normal
24,1.44,1,3,274.92,4.66,5.54,normal
24,1.38,3,4,491.44,8.71,5.48,normal
18,2.43,3,1,553.94,10.97,4.87,normal
19,2.56,0,4,280.42,8.8,3.89,normal
11,1.15,2,4,492.87,1.64,3.18,normal
13,1.2,0,4,264.07,9.28,3.54,normal
30,1.88,1,3,282.94,6.09,3.29,normal
6,3.1,3,3,444.55,6.23,4.6,normal
0,1.45,0,1,275.74,9.01,5.68,normal
13,0.76,3,2,411.51,2.66,5.78,normal
20,1.36,3,3,455.6,6.75,3.8,normal
45,3.06,2,4,350.13,6.17,4.73,normal
9,2.45,1,3,427.62,7.88,5.15,normal
18,2.83,3,2,372.85,8.56,3.8,normal
10,2.63,0,1,548.44,1.13,5.84,normal
12,3.08,3,3,389.43,8.83,5.28,normal
40,2.84,0,2,226.4,6.96,4.73,normal
23,1.37,2,4,658.51,4.95,5.23,normal
27,1.69,3,4,457.54,2.39,4.45,normal
13,3.49,3,4,356.87,2.34,4.46,normal
34,1.04,0,3,468.95,2.1,5.22,normal
19,2.75,3,3,438.87,6.58,6.45,normal
34,2.71,0,3,478.15,2.74,4.24,normal
14,2.15,1,3,404.35,11.42,3.84,normal
19,1.47,1,4,280.63,8.57,5.13,normal
16,1.24,1,2,489.12,7.72,5.72,normal
20,1.2,0,2,453.0,2.25,5.02,normal
4,4.1,0,1,399.77,7.34,3.3,normal
28,3.24,1,4,495.45,6.13,4.81,normal
9,3.47,2,2,440.34,1.27,5.25,normal
21,1.19,3,3,205.0,8.22,4.94,normal
49,1.94,1,3,256.63,5.12,6.09,normal
35,2.69,2,1,384.67,6.23,4.14,normal
43,2.12,0,4,426.37,3.76,4.17,normal
21,3.05,3,4,531.3,3.15,4.1,normal
7,2.56,1,2,568.65,1.51,4.89,normal
7,1.19,2,1,500.95,7.02,4.12,normal
44,1.5,0,1,391.18,7.78,5.11,normal
31,2.74,2,3,409.23,8.31,4.47,normal
23,1.71,2,4,352.68,2.54,4.97,normal
33,1.29,3,4,341.51,6.54,4.08,normal
6,2.07,2,2,312.98,2.46,4.54,normal
46,3.38,1,4,220.69,3.84,3.55,normal
40,0.97,3,2,331.78,6.2,4.57,normal
22,1.15,3,1,273.19,5.34,4.17,normal
18,1.93,0,4,635.78,4.18,4.02,normal
15,3.82,0,4,513.57,2.34,5.53,normal
48,0.55,2,4,409.88,4.81,4.19,normal
7,1.29,3,1,265.93,5.73,4.56,normal
23,2.81,0,1,303.97,2.29,3.72,normal
5,2.35,2,3,506.45,5.08,4.22,normal
0,3.45,3,2,378.53,4.7,5.63,normal
21,0.52,2,1,379.58,0.33,4.88,normal
10,3.07,0,4,459.61,5.35,3.7,normal
10,1.8,0,3,516.94,3.36,5.48,normal
29,2.84,1,2,484.49,3.34,5.9,normal
38,1.94,1,4,320.77,8.97,4.16,normal
40,2.57,0,2,388.63,3.64,3.37,normal
24,1.12,2,1,405.08,3.23,3.29,normal
7,1.15,0,2,490.27,3.44,4.61,normal
46,1.92,0,4,434.98,7.02,4.11,normal
23,1.82,3,0,372.91,6.26,5.95,normal
6,0.76,3,1,344.34,2.53,4.4,normal
15,2.94,3,1,334.46,5.95,3.69,normal
8,2.05,0,1,579.0,7.39,6.07,normal
32,2.37,2,3,439.54,5.18,6.1,normal
32,0.9,1,3,539.5,4.68,3.94,normal
27,2.42,1,1,302.27,7.68,5.25,normal
34,0.57,0,4,514.85,5.73,3.48,normal
24,2.73,0,4,303.61,8.99,4.8,normal
39,2.14,4,1,399.0,3.1,5.03,normal
8,2.49,2,1,394.02,4.18,4.98,normal
52,0.46,4,3,187.98,2.05,3.92,normal
9,2.83,1,4,229.82,4.71,3.64,normal
34,2.88,3,4,463.29,9.24,5.42,normal
0,2.91,3,2,494.55,8.38,5.39,normal
31,3.18,1,3,323.48,3.54,5.45,normal
40,2.9,1,2,362.23,5.74,5.3,normal
16,3.17,2,4,628.86,6.72,5.51,normal
28,2.24,2,2,350.41,9.18,4.06,normal
41,3.52,0,3,463.01,1.89,3.97,normal
29,1.43,2,1,580.08,2.76,5.29,normal
43,2.99,0,4,256.96,4.55,4.06,normal
12,1.67,2,3,329.03,0.86,4.38,normal
42,1.9,2,2,496.75,5.62,4.8,normal
26,3.14,2,4,297.16,4.67,5.83,normal
12,3.07,2,2,649.03,3.66,4.33,normal
5,2.53,1,3,585.01,6.61,5.77,normal
5,2.59,3,1,388.84,5.23,4.62,normal
30,0.9,2,2,470.93,9.39,5.24,normal
14,1.47,3,3,221.22,10.63,4.57,normal
17,3.07,1,1,271.14,4.21,4.45,normal
0,1.0,3,3,252.93,4.34,5.07,normal
0,3.29,2,4,460.56,1.08,5.85,normal
16,0.82,2,4,522.46,6.02,5.6,normal
26,2.42,3,4,317.53,5.26,5.45,normal
16,2.49,0,3,377.57,6.85,4.81,normal
6,2.2,0,1,517.85,1.21,4.0,normal
24,2.91,0,1,496.44,4.76,5.7,normal
36,1.67,0,4,178.66,6.14,5.8,normal
5,1.46,3,2,590.11,6.64,4.62,normal
34,1.88,3,2,279.11,8.64,4.13,normal
25,2.33,0,4,512.6,7.85,5.02,normal
31,0.99,0,3,350.51,8.63,5.69,normal
45,3.07,2,2,475.83,4.25,4.24,normal
24,3.08,2,2,227.3,3.01,4.58,normal
0,2.48,0,1,548.1,1.88,4.68,normal
21,1.05,4,1,616.56,6.49,4.56,normal
18,1.9,2,3,444.97,4.56,5.68,normal
15,3.21,2,2,445.57,6.3,4.43,normal
23,2.03,1,0,378.47,2.99,5.87,normal
37,0.85,0,1,369.07,7.98,5.36,normal
6,2.36,2,4,318.45,7.33,5.53,normal
12,3.42,2,2,492.3,10.65,3.9,normal
0,3.28,3,2,412.81,4.71,3.44,normal
17,3.29,3,1,278.0,0.65,5.89,normal
25,2.25,3,3,446.77,7.11,3.59,normal
43,3.0,0,2,313.48,8.86,6.11,normal
20,3.16,4,3,641.87,3.86,5.07,normal
30,1.37,3,1,382.67,0.89,5.06,normal
32,3.06,0,3,264.26,3.71,4.3,normal
30,3.0,3,3,325.14,1.99,4.9,normal
14,2.83,1,1,460.03,0.71,5.49,normal
0,2.77,2,1,420.45,8.99,3.87,normal
4,3.25,0,3,532.25,6.68,4.29,normal
20,3.61,1,3,395.25,3.91,5.51,normal
14,3.81,2,4,472.06,8.52,5.56,normal
39,0.46,3,5,435.48,5.63,3.08,normal
20,0.58,2,4,553.79,4.07,4.5,normal
22,2.63,1,4,221.2,8.65,5.09,normal
26,0.98,3,4,537.04,4.66,5.38,normal
48,1.5,0,4,577.81,2.77,5.51,normal
43,1.5,2,1,625.8,5.81,5.11,normal
0,1.42,1,1,426.24,9.49,4.7,normal
39,1.45,2,4,522.34,9.0,4.52,normal
7,0.9,3,3,292.94,7.26,4.54,normal
38,1.61,0,4,488.1,4.2,5.63,normal
32,3.3,0,2,613.45,7.79,4.84,normal
24,1.69,2,1,321.57,7.04,4.73,normal
13,0.88,1,1,308.97,1.73,4.46,normal
48,2.58,1,1,504.55,7.57,5.69,normal
7,1.85,2,3,524.36,7.64,5.66,normal
28,1.62,1,4,424.11,0.06,3.73,normal
31,1.51,0,3,234.03,1.89,5.72,normal
6,0.8,1,1,504.93,8.8,6.1,normal
0,0.75,0,1,451.53,5.11,3.89,normal
27,1.36,3,2,443.51,6.84,4.65,normal
49,0.32,2,4,306.39,3.57,3.68,normal
32,2.82,1,3,298.87,10.05,4.1,normal
25,2.82,0,2,366.74,9.3,3.59,normal
2,2.31,3,1,577.35,6.72,5.36,normal
24,0.46,3,3,354.07,3.16,5.72,normal
49,3.09,3,2,529.18,9.55,4.42,normal
0,2.11,3,1,460.29,5.06,3.7,normal
47,1.91,2,3,435.6,8.4,5.87,normal
2,3.44,2,3,399.0,1.49,3.85,normal
10,2.93,0,2,404.52,2.72,4.0,normal
44,0.89,1,3,356.33,5.31,5.53,normal
35,0.59,2,3,296.83,9.09,5.09,normal
41,0.81,2,2,302.47,9.0,5.64,normal
14,2.38,0,1,297.39,3.79,3.8,normal
56,2.94,1,1,539.85,7.21,4.74,normal
5,3.22,1,2,338.14,4.68,3.8,normal
2,0.59,3,1,490.99,4.14,5.69,normal
30,0.74,0,1,326.08,6.24,5.84,normal
25,1.83,2,2,243.61,9.5,4.41,normal
13,0.01,0,2,574.79,4.46,4.62,normal
29,2.35,0,2,405.05,2.38,5.33,normal
30,1.16,1,1,387.93,8.9,3.45,normal
24,3.08,2,4,505.72,9.63,5.03,normal
14,2.55,2,1,525.81,6.65,4.6,normal
13,2.38,0,2,472.74,3.14,5.0,normal
36,3.0,2,2,542.82,5.33,4.45,normal
11,2.33,1,1,628.15,0.94,3.83,normal
52,1.99,1,1,375.74,1.48,4.59,normal
26,2.74,2,1,617.97,9.6,4.66,normal
12,2.82,2,3,473.67,8.38,3.68,normal
9,3.06,3,3,296.09,0.93,4.99,normal
18,0.7,3,1,213.79,6.34,6.32,normal
38,1.42,3,4,509.72,0.69,3.77,normal
17,1.12,2,4,287.97,8.82,3.82,normal
14,2.48,1,3,502.56,4.14,3.48,normal
32,2.37,3,4,399.32,5.93,4.66,normal
22,2.09,0,4,554.61,6.48,4.87,normal
18,3.58,1,2,339.78,2.49,4.0,normal
42,2.42,3,2,550.53,6.9,4.2,normal
2,1.47,3,2,426.45,6.4,3.92,normal
11,2.01,2,1,582.67,11.4,5.76,normal
13,1.55,1,2,501.9,3.73,4.17,normal
14,2.32,2,2,211.73,9.2,5.91,normal
14,3.17,2,3,313.92,7.05,4.29,normal
10,2.58,2,2,245.55,2.85,5.65,normal
11,2.7,3,3,282.27,9.67,5.02,normal
7,3.0,2,4,466.05,4.49,5.22,normal
27,2.21,1,2,428.43,4.01,4.57,normal
14,3.12,0,3,372.17,7.64,4.12,normal
36,3.29,3,3,680.01,1.53,3.66,normal
6,1.67,0,3,404.72,4.35,4.85,normal
12,2.61,0,1,588.19,5.5,4.28,normal
14,1.74,0,2,633.09,7.47,3.52,normal
13,2.19,1,5,331.86,6.39,5.25,normal
34,3.84,1,1,472.26,0.87,3.97,normal
44,3.26,3,3,384.88,4.99,4.55,normal
18,3.17,2,4,501.4,5.61,5.86,normal
20,2.48,1,4,287.81,3.43,5.22,normal
16,0.69,1,1,451.6,11.46,3.8,normal
30,0.74,0,4,279.24,5.5,5.0,normal
25,1.41,2,1,500.75,5.13,4.97,normal
45,1.38,3,1,635.88,5.8,4.21,normal
40,3.51,2,1,181.84,9.09,4.14,normal
31,2.44,1,4,454.99,4.94,4.21,normal
30,2.4,0,4,303.63,7.8,5.6,normal
0,2.5,0,1,451.68,9.63,4.39,normal
40,3.8,0,4,594.48,6.21,5.59,normal
18,2.62,0,3,289.43,4.13,3.96,normal
14,1.69,2,1,488.05,3.73,3.74,normal
25,3.16,3,2,480.22,7.38,3.75,normal
19,0.23,2,1,393.17,8.58,5.23,normal
27,2.06,1,3,462.71,5.46,5.9,normal
26,1.8,0,2,363.03,2.67,5.94,normal
5,1.23,4,3,550.14,2.12,5.43,normal
31,3.37,1,4,454.32,6.5,5.04,normal
35,0.78,3,2,555.54,5.85,5.44,normal
27,1.37,3,3,426.38,3.01,4.68,normal
30,1.69,3,1,546.56,2.89,3.9,normal
34,2.78,1,2,374.65,4.99,5.09,normal
46,3.81,4,3,362.03,2.44,4.22,normal
47,2.98,2,3,255.49,0.55,3.53,normal
0,1.39,3,3,240.6,7.44,4.61,normal
24,2.85,3,2,399.5,0.57,4.87,normal
7,3.12,1,2,581.54,6.92,3.81,normal
0,3.28,3,2,536.32,2.84,4.65,normal
46,2.87,2,1,498.48,1.85,4.14,normal
0,1.3,2,3,187.34,5.93,4.28,normal
20,1.11,0,2,227.47,4.9,5.73,normal
37,0.34,3,1,215.21,4.1,3.83,normal
29,1.2,3,0,529.53,6.95,3.57,normal
44,3.33,0,3,205.39,3.05,5.04,normal
47,2.14,3,4,525.22,2.09,3.95,normal
20,1.47,3,2,215.31,6.09,3.62,normal
24,3.36,2,3,323.6,2.63,4.87,normal
0,0.62,0,3,423.43,3.91,5.19,normal
1,1.41,2,2,489.35,7.66,4.54,normal
35,0.0,3,2,430.48,6.94,5.27,normal
15,1.86,1,4,588.09,4.0,5.4,normal
30,1.26,1,1,522.5,1.5,4.48,normal
25,2.27,2,3,307.62,4.81,4.24,normal
13,1.46,0,1,391.25,0.36,5.19,normal
36,2.18,3,1,454.95,9.59,5.39,normal
15,2.68,1,2,312.29,4.29,3.48,normal
20,1.32,0,4,607.42,3.23,5.35,normal
17,1.91,2,2,421.39,4.4,4.0,normal
15,1.66,2,1,565.1,8.32,3.98,normal
21,0.88,1,4,366.34,1.65,3.89,normal
10,0.31,2,4,375.68,0.14,4.75,normal
10,2.06,1,2,177.16,6.48,4.09,normal
41,0.57,1,3,560.35,8.42,5.42,normal
46,0.77,1,3,285.03,3.54,5.48,normal
37,1.24,3,3,522.4,2.67,5.77,normal
39,2.68,1,3,473.36,8.5,4.8,normal
20,2.24,0,4,286.15,7.15,4.84,normal
41,3.26,1,1,451.17,5.63,4.55,normal
27,1.34,0,4,377.24,1.92,3.55,normal
2,0.64,1,4,440.66,5.72,3.75,normal
32,2.27,2,2,519.73,3.37,4.47,normal
13,0.87,0,2,346.22,8.14,5.73,normal
22,3.45,0,3,209.07,8.67,4.33,normal
5,0.96,0,2,365.97,1.41,5.71,normal
28,2.9,2,2,580.19,8.58,3.59,normal
4,3.14,2,1,220.06,1.21,4.06,normal
18,2.74,1,2,494.07,3.34,4.37,normal
12,2.53,0,1,271.26,7.72,4.38,normal
21,0.4,1,1,175.18,2.31,4.55,normal
13,1.12,3,2,582.75,4.11,4.92,normal
0,2.09,0,1,258.27,3.07,5.07,normal
27,3.45,2,3,191.64,3.6,6.05,normal
20,2.54,1,2,469.1,4.44,5.8,normal
16,3.02,2,1,612.37,1.69,4.13,normal
28,2.19,0,2,288.05,2.93,4.29,normal
14,0.0,1,1,341.85,7.4,4.56,normal
31,2.43,0,2,409.22,10.97,5.3,normal
16,3.08,2,1,220.5,11.16,5.29,normal
4,0.59,0,4,425.15,8.15,4.91,normal
29,3.98,2,4,356.67,5.07,3.9,normal
24,3.12,0,2,375.98,6.18,5.19,normal
46,1.4,2,4,451.21,8.07,3.81,normal
4,2.38,2,4,288.66,2.39,5.86,normal
29,2.81,1,1,467.1,6.75,5.81,normal
19,2.47,0,4,338.71,4.05,5.6,normal
16,0.64,2,2,552.15,8.81,4.49,normal
34,0.58,0,4,525.54,3.11,4.33,normal
0,0.93,3,2,488.7,6.88,4.12,normal
7,3.34,3,4,392.72,8.38,6.09,normal
24,1.29,3,5,261.57,2.77,3.52,normal
3,2.33,3,3,255.97,7.8,4.41,normal
12,2.79,3,1,293.84,1.47,5.75,normal
36,1.78,1,1,477.02,7.19,5.25,normal
17,3.22,0,4,504.27,6.97,5.81,normal
25,3.14,3,2,555.15,2.23,5.54,normal
18,1.1,2,3,305.13,2.73,4.85,normal
3,0.85,2,4,468.35,2.22,5.73,normal
35,1.07,3,3,503.41,5.51,4.95,normal
15,1.39,3,1,498.87,8.02,4.06,normal
31,0.56,1,4,569.5,6.6,4.26,normal
45,2.27,0,3,311.8,3.36,5.03,normal
12,3.47,2,4,422.9,3.47,5.72,normal
19,1.55,1,3,480.32,6.68,4.51,normal
3,3.51,0,1,314.6,10.38,4.98,normal
36,1.54,1,3,407.28,5.58,5.36,normal
21,0.99,3,1,552.68,7.87,4.44,normal
22,3.27,2,4,204.46,6.9,4.6,normal
18,2.44,3,4,359.82,6.21,5.43,normal
27,1.49,2,2,572.58,4.2,4.17,normal
36,1.14,0,2,336.63,0.41,6.17,normal
3,2.76,3,4,325.49,3.9,3.87,normal
23,1.84,3,3,276.85,7.78,4.61,normal
37,0.54,0,1,350.92,5.6,5.83,normal
19,1.91,2,3,562.23,1.25,5.21,normal
21,1.42,0,4,363.86,6.8,4.69,normal
2,2.25,3,3,197.47,9.9,6.07,normal
10,2.93,0,3,328.21,6.53,3.67,normal
33,2.16,2,1,545.41,3.93,3.39,normal
22,3.17,1,1,350.43,5.74,3.7,normal
40,3.12,2,3,437.42,6.31,5.05,normal
22,3.31,0,1,180.45,8.22,4.79,normal
45,2.71,3,4,540.35,8.91,3.46,normal
16,2.76,2,2,424.37,9.8,3.54,normal
31,3.0,0,3,473.86,5.53,4.07,normal
12,1.16,1,2,512.13,7.16,3.76,normal
9,1.53,1,2,478.7,6.11,5.77,normal
3,2.88,2,1,339.13,6.81,3.63,normal
35,3.62,0,1,279.79,2.53,4.09,normal
4,1.54,2,4,224.69,7.84,6.18,normal
14,2.79,3,3,388.56,2.96,4.48,normal
33,1.36,2,4,579.66,6.9,3.93,normal
7,2.08,3,2,322.58,8.99,3.17,normal
24,1.23,1,1,319.74,7.21,4.27,normal
3,2.26,2,4,198.25,7.75,5.66,normal
13,1.72,0,1,438.85,6.5,4.16,normal
10,3.11,1,4,288.35,2.06,3.4,normal
7,2.23,1,2,482.61,3.29,3.37,normal
29,3.44,0,1,426.37,7.03,4.45,normal
27,2.51,2,1,379.78,2.85,5.21,normal
7,2.9,0,2,410.58,5.56,3.57,normal
28,3.3,2,1,532.77,8.37,3.76,normal
7,3.25,0,1,473.51,0.68,4.02,normal
0,2.11,4,1,387.31,8.12,5.53,normal
36,0.61,1,2,641.69,6.38,4.57,normal
23,3.4,1,1,248.25,0.0,4.04,normal
43,2.78,1,3,512.94,2.69,4.03,normal
37,3.34,1,1,299.98,7.5,4.36,normal
38,0.93,2,3,659.18,10.56,4.46,normal
44,3.08,1,2,442.45,7.84,6.15,normal
40,1.09,2,4,360.87,4.06,5.66,normal
33,1.13,3,1,530.34,1.87,3.46,normal
25,2.65,0,3,541.32,5.81,4.41,normal
42,0.65,0,4,363.53,2.81,4.3,normal
40,1.08,2,4,394.83,8.08,4.85,normal
20,2.87,1,2,268.15,2.2,4.76,normal
41,1.48,0,4,554.73,5.55,3.88,normal
26,1.67,3,3,335.02,8.73,5.92,normal
19,3.16,1,3,474.57,6.93,4.78,normal
7,1.3,2,3,266.31,5.19,4.77,normal
50,3.71,4,4,374.7,3.53,5.2,normal
30,3.0,3,4,546.48,8.52,5.93,normal
16,3.05,1,2,364.59,1.49,3.3,normal
17,0.69,3,3,340.05,7.15,5.04,normal
34,1.84,0,2,333.36,9.24,3.6,normal
10,3.48,2,1,235.58,4.04,4.57,normal
0,2.1,3,1,340.34,1.99,4.95,normal
40,3.3,3,2,486.55,2.38,5.6,normal
39,1.94,3,3,279.95,0.67,5.51,normal
20,1.93,1,4,382.0,1.22,5.46,normal
48,2.59,3,3,244.88,7.65,5.63,normal
15,2.56,1,3,390.87,1.39,5.19,normal
22,3.33,3,2,534.67,7.99,6.19,normal
0,3.05,0,4,231.2,1.01,4.23,normal
36,1.97,3,2,248.18,9.22,4.4,normal
5,3.14,2,1,446.62,6.35,5.44,normal
6,1.44,4,2,578.55,8.17,4.7,normal
20,3.44,2,4,520.68,0.41,3.63,normal
15,1.32,1,2,529.28,0.28,4.75,normal
46,1.25,0,2,528.56,5.28,4.09,normal
32,1.81,1,2,215.3,0.98,5.18,normal
22,1.38,0,3,418.58,6.39,4.9,normal
35,2.2,3,4,155.05,6.42,5.95,normal
14,3.26,2,3,155.09,8.16,5.0,normal
19,1.19,3,2,547.93,4.37,5.11,normal
28,1.05,2,3,197.64,1.57,5.81,normal
0,3.68,2,2,279.74,5.13,4.87,normal
32,2.57,0,3,509.11,8.28,5.72,normal
24,1.02,2,4,261.88,9.04,4.29,normal
31,0.69,1,2,452.06,3.71,3.78,normal
28,0.39,1,2,306.73,9.42,4.87,normal
21,0.84,3,1,204.16,4.51,4.86,normal
14,0.92,0,3,277.75,6.31,5.28,normal
4,2.5,0,3,358.16,0.85,5.69,normal
14,1.49,3,2,380.27,0.72,5.6,normal
14,1.46,0,3,433.35,8.53,4.54,normal
31,2.58,2,4,420.74,6.36,5.12,normal
27,2.82,0,4,431.11,5.75,5.5,normal
16,0.74,1,2,310.76,1.25,5.19,normal
41,1.89,1,2,411.79,1.01,6.51,normal
30,0.64,3,3,385.99,6.33,6.26,normal
0,0.97,0,3,595.66,2.71,4.59,normal
43,0.79,0,3,263.22,5.79,4.74,normal
27,1.86,3,3,280.07,9.4,4.38,normal
25,3.4,3,2,379.68,9.16,3.85,normal
29,3.67,1,3,330.51,8.17,4.1,normal
30,1.3,3,2,243.45,8.99,5.53,normal
26,0.95,3,3,564.22,2.02,4.52,normal
3,1.52,2,4,389.79,2.52,4.19,normal
31,3.89,3,2,321.29,11.49,5.7,normal
23,1.25,0,4,534.64,9.56,4.44,normal
16,1.24,3,4,466.92,1.89,5.74,normal
16,2.01,0,3,469.39,1.87,4.51,normal
12,0.88,2,1,406.99,4.52,4.31,normal
18,0.48,2,4,383.28,6.67,6.09,normal
33,1.22,1,1,323.16,8.23,3.93,normal
4,1.51,0,4,507.08,11.15,6.07,normal
16,1.16,3,4,486.11,0.0,5.3,normal
11,2.88,2,4,217.56,9.2,5.67,normal
12,2.54,2,4,422.02,4.02,5.0,normal
0,0.59,3,2,298.02,8.77,3.59,normal
47,0.68,0,1,565.22,7.3,5.15,normal
38,0.83,3,1,544.47,1.08,4.43,normal
31,0.89,1,2,199.39,9.27,3.8,normal
13,1.19,1,4,464.0,4.42,5.31,normal
4,2.49,0,1,398.42,4.89,5.63,normal
6,3.0,0,1,196.93,0.36,6.48,normal
18,1.44,2,3,309.32,6.51,4.19,normal
7,2.15,0,2,437.11,2.56,5.26,normal
22,3.23,0,5,556.18,7.79,3.76,normal
36,2.09,2,3,475.29,2.01,5.67,normal
48,3.33,0,2,352.92,2.77,4.73,normal
2,0.88,1,1,406.77,2.53,5.67,normal
40,2.12,3,1,478.56,7.34,6.04,normal
10,1.89,0,3,481.42,1.72,4.75,normal
38,0.82,0,3,517.78,2.12,5.03,normal
36,1.08,1,1,346.09,4.73,5.07,normal
15,1.08,3,4,255.43,10.02,3.52,normal
11,0.83,3,2,565.38,7.53,4.84,normal
0,0.69,0,4,268.76,5.16,5.25,normal
34,1.05,1,2,410.13,7.35,4.47,normal
18,3.03,0,4,590.45,3.68,4.62,normal
18,1.78,1,3,222.44,4.82,4.64,normal
15,1.31,3,1,456.53,4.71,5.21,normal
9,0.25,1,4,273.5,7.52,3.95,normal
0,3.69,3,1,515.01,9.38,5.68,normal
23,1.71,0,2,470.07,5.05,4.67,normal
33,2.29,3,3,461.86,2.98,3.61,normal
14,3.68,0,3,275.27,3.8,3.48,normal
27,1.86,2,1,511.23,0.0,3.63,normal
21,1.09,1,3,480.49,4.02,5.82,normal
7,3.37,3,1,377.62,2.58,5.89,normal
31,1.09,3,1,319.19,5.35,5.68,normal
45,0.61,1,1,360.68,4.14,3.74,normal
21,0.27,0,1,263.53,3.05,3.5,normal
37,1.5,2,3,399.5,4.35,4.95,normal
10,2.41,1,1,577.29,5.31,3.83,normal
34,3.53,0,4,439.21,3.82,4.24,normal
39,2.02,3,3,543.86,3.2,3.14,normal
21,1.8,0,4,380.09,6.19,5.71,normal
30,2.16,0,3,475.78,3.8,4.83,normal
30,2.79,1,3,277.6,8.05,3.71,normal
6,1.16,1,4,588.56,1.72,4.87,normal
20,2.78,3,4,390.61,7.38,4.57,normal
16,3.01,1,4,572.73,8.36,3.79,normal
28,0.98,2,3,586.3,2.32,5.43,normal
27,2.43,1,4,435.1,2.02,4.15,normal
0,1.55,1,1,434.86,10.21,4.49,normal
35,0.75,0,3,400.97,3.97,4.66,normal
20,2.66,3,2,442.36,6.21,3.85,normal
35,0.72,2,3,426.63,1.85,4.65,normal
12,3.6,1,4,327.84,1.69,3.52,normal
30,0.8,3,3,524.15,7.06,5.03,normal
11,3.1,2,4,227.74,9.21,5.48,normal
7,3.49,2,3,299.51,2.39,4.04,normal
14,0.55,3,4,573.92,5.41,3.33,normal
36,2.07,1,3,311.8,6.49,5.92,normal
48,3.66,1,3,274.53,5.4,5.48,normal
35,3.58,1,0,526.84,3.04,5.94,normal
28,2.22,2,2,276.09,8.3,3.64,normal
32,2.79,3,2,403.07,1.13,5.75,normal
1,2.46,3,4,453.98,0.0,4.21,normal
22,2.01,3,1,502.34,4.57,6.0,normal
13,3.48,0,1,442.58,2.18,4.03,normal
11,1.75,1,1,542.73,3.26,5.87,normal
11,2.09,2,2,270.95,7.43,5.84,normal
21,2.78,0,4,237.13,5.04,3.97,normal
11,2.28,2,1,446.9,9.63,4.93,normal
37,1.82,1,1,501.95,9.32,3.9,normal
5,1.79,1,2,203.82,2.16,3.78,normal
37,1.1,3,4,494.6,8.0,5.1,normal
29,1.22,2,2,504.36,9.1,4.88,normal
22,1.5,1,3,309.16,5.57,4.02,normal
14,0.42,0,3,340.66,8.56,3.88,normal
25,2.99,2,3,525.82,5.58,4.08,normal
6,0.98,3,2,362.25,9.94,4.32,normal
26,1.84,1,1,434.22,8.44,4.7,normal
0,3.45,1,5,573.64,2.21,5.57,normal
1,1.72,1,4,392.0,8.17,5.03,normal
34,1.37,1,3,245.38,7.8,4.41,normal
42,2.75,1,4,509.66,3.63,3.99,normal
29,2.28,2,2,259.08,6.61,3.92,normal
15,1.35,2,4,326.49,5.07,4.85,normal
21,1.95,3,3,280.7,3.82,4.57,normal
15,2.51,2,3,368.72,9.13,3.58,normal
30,1.41,1,1,334.43,7.17,5.56,normal
34,28.12,38,85,70.75,0.39,2.57,port_scan
70,29.06,9,65,63.14,0.13,2.57,port_scan
105,33.99,30,70,64.17,0.4,2.12,port_scan
21,15.65,16,38,43.74,0.47,2.62,port_scan
20,34.99,37,79,70.79,0.12,2.11,port_scan
112,25.08,20,33,55.36,0.12,2.42,port_scan
69,39.9,10,45,68.1,0.23,2.63,port_scan
9,27.41,41,27,49.46,0.16,1.42,port_scan
42,17.35,21,33,55.33,0.39,2.22,port_scan
68,19.09,25,55,46.62,0.44,1.4,port_scan
114,17.54,28,82,63.28,0.21,1.53,port_scan
58,16.91,21,12,74.69,0.34,1.5,port_scan
29,31.77,23,62,60.61,0.42,2.02,port_scan
105,24.61,29,42,63.73,0.37,1.81,port_scan
60,31.25,19,21,60.0,0.38,2.67,port_scan
42,31.25,43,56,59.35,0.5,1.63,port_scan
66,22.21,35,38,53.32,0.16,1.21,port_scan
114,10.28,19,39,72.79,0.41,1.81,port_scan
50,39.39,24,11,42.37,0.23,2.48,port_scan
64,10.37,38,32,37.83,0.47,1.97,port_scan
45,38.51,33,70,75.16,0.14,2.73,port_scan
126,4.91,20,71,49.03,0.35,1.48,port_scan
42,35.92,36,69,55.42,0.2,2.73,port_scan
57,33.94,30,34,53.09,0.32,3.01,port_scan
72,33.75,18,43,55.91,0.14,1.44,port_scan
50,36.43,18,105,39.02,0.29,1.45,port_scan
34,25.31,38,90,75.25,0.33,1.63,port_scan
63,25.74,16,109,43.46,0.22,2.81,port_scan
19,30.65,29,33,65.69,0.53,3.12,port_scan
57,29.23,36,77,79.71,0.47,2.65,port_scan
86,38.66,32,39,80.11,0.21,1.27,port_scan
81,19.26,43,23,46.4,0.14,1.69,port_scan
56,31.09,39,83,54.42,0.25,2.74,port_scan
99,33.32,18,26,64.01,0.14,2.14,port_scan
79,26.81,15,70,48.59,0.32,1.98,port_scan
58,31.04,43,87,53.88,0.47,2.07,port_scan
77,23.36,9,74,69.48,0.19,1.88,port_scan
103,17.22,21,42,78.45,0.27,1.08,port_scan
71,22.97,13,51,48.94,0.41,1.0,port_scan
83,33.6,21,73,51.68,0.22,2.93,port_scan
62,27.01,14,26,57.83,0.35,2.55,port_scan
23,7.58,16,91,44.66,0.37,1.56,port_scan
100,25.99,24,55,61.8,0.37,1.61,port_scan
72,24.64,14,85,43.53,0.2,1.89,port_scan
106,24.5,8,82,32.03,0.21,2.19,port_scan
14,17.97,15,70,58.02,0.35,0.8,port_scan
85,23.13,16,54,47.41,0.22,2.21,port_scan
44,32.59,26,71,62.91,0.22,1.42,port_scan
40,14.46,15,11,63.03,0.32,1.54,port_scan
40,36.65,28,38,44.65,0.23,2.5,port_scan
72,31.15,33,26,61.41,0.29,2.33,port_scan
12,21.38,30,14,65.9,0.32,1.22,port_scan
51,5.79,23,87,50.08,0.2,0.75,port_scan
28,43.18,8,33,46.76,0.2,1.88,port_scan
40,14.16,29,72,56.38,0.42,2.67,port_scan
117,19.86,19,52,44.28,0.18,1.02,port_scan
110,24.52,18,34,43.94,0.49,1.58,port_scan
22,15.32,13,18,46.93,0.47,2.23,port_scan
79,23.02,35,73,42.28,0.21,2.31,port_scan
44,24.37,26,66,47.61,0.26,1.98,port_scan
107,12.32,29,49,74.81,0.35,1.37,port_scan
91,15.01,12,24,71.72,0.35,2.2,port_scan
39,12.49,32,24,43.65,0.16,2.04,port_scan
88,21.18,38,99,71.51,0.34,2.57,port_scan
93,25.09,25,92,46.44,0.27,1.12,port_scan
58,30.75,12,34,61.13,0.36,2.12,port_scan
21,20.62,14,29,61.03,0.42,2.98,port_scan
64,17.63,34,31,40.8,0.37,2.06,port_scan
43,37.0,12,55,77.26,0.15,2.65,port_scan
58,10.38,23,56,79.96,0.21,2.1,port_scan
34,31.65,41,54,73.53,0.3,2.22,port_scan
101,9.27,26,38,37.68,0.34,1.35,port_scan
114,32.29,16,49,51.43,0.56,2.52,port_scan
97,37.46,19,80,60.36,0.26,1.8,port_scan
13,9.39,28,32,70.16,0.12,1.18,port_scan
53,13.54,34,48,55.54,0.17,1.8,port_scan
48,31.39,37,31,48.52,0.11,1.55,port_scan
64,23.37,36,54,61.13,0.38,1.71,port_scan
122,32.69,14,81,60.4,0.32,3.05,port_scan
91,7.89,14,52,74.72,0.09,1.78,port_scan
74,39.2,26,54,69.94,0.11,1.29,port_scan
87,18.9,27,28,54.41,0.32,3.08,port_scan
97,24.25,34,93,58.16,0.2,1.04,port_scan
28,39.25,45,62,81.37,0.22,2.84,port_scan
112,19.44,24,76,33.67,0.05,2.51,port_scan
59,35.54,17,23,64.93,0.23,2.57,port_scan
93,22.62,11,68,64.62,0.45,2.52,port_scan
77,25.58,25,39,75.62,0.37,1.46,port_scan
109,21.33,10,53,75.04,0.2,2.58,port_scan
93,30.35,38,82,74.65,0.43,1.21,port_scan
81,16.75,11,37,73.78,0.44,2.72,port_scan
105,30.98,34,3,63.37,0.35,1.18,port_scan
37,14.43,12,90,66.88,0.45,2.18,port_scan
39,37.45,40,61,52.21,0.15,2.49,port_scan
55,19.46,9,41,40.23,0.33,2.26,port_scan
88,31.21,28,46,51.14,0.35,2.77,port_scan
113,12.8,18,88,72.31,0.35,3.16,port_scan
124,18.97,8,68,59.16,0.14,2.39,port_scan
48,28.33,33,26,41.45,0.38,2.41,port_scan
86,11.57,13,44,78.69,0.23,2.37,port_scan
99,21.15,13,47,70.45,0.19,1.5,port_scan
110,38.91,47,52,42.17,0.35,2.48,port_scan
92,34.67,31,42,64.13,0.08,1.05,port_scan
103,17.05,13,51,65.81,0.23,1.66,port_scan
37,30.47,39,29,56.05,0.33,1.23,port_scan
48,16.18,14,60,60.47,0.38,1.95,port_scan
110,33.18,42,104,59.59,0.18,1.6,port_scan
54,39.18,19,67,60.75,0.45,2.1,port_scan
77,31.89,19,86,66.0,0.24,1.46,port_scan
74,13.34,31,23,53.54,0.21,1.22,port_scan
115,18.73,24,87,59.14,0.26,2.76,port_scan
129,25.2,17,43,52.49,0.26,1.88,port_scan
104,34.33,28,85,55.32,0.06,0.99,port_scan
70,32.08,16,55,73.71,0.24,2.93,port_scan
62,27.7,29,14,63.08,0.25,1.24,port_scan
123,31.64,16,13,43.16,0.2,1.19,port_scan
35,29.34,37,20,55.8,0.53,2.45,port_scan
30,12.11,7,92,84.03,0.05,2.69,port_scan
125,18.77,31,101,71.75,0.26,1.89,port_scan
121,16.37,27,89,64.02,0.37,2.24,port_scan
86,17.36,35,36,42.37,0.37,1.51,port_scan
115,9.88,32,81,49.8,0.19,1.87,port_scan
112,15.13,26,93,86.73,0.28,1.3,port_scan
21,10.29,23,94,77.11,0.41,2.63,port_scan
66,24.08,28,93,84.82,0.27,2.08,port_scan
26,30.27,31,55,48.26,0.24,2.77,port_scan
124,25.15,38,80,79.57,0.37,1.2,port_scan
87,13.12,32,80,68.9,0.42,0.96,port_scan
53,12.91,18,66,56.79,0.43,1.5,port_scan
117,29.63,25,86,58.21,0.41,1.54,port_scan
37,11.31,33,96,82.43,0.43,2.77,port_scan
105,28.33,25,46,69.71,0.2,2.15,port_scan
110,44.22,48,59,63.71,0.44,0.95,port_scan
120,35.35,44,27,56.27,0.25,1.29,port_scan
99,22.66,31,49,59.68,0.24,1.7,port_scan
93,15.03,21,95,58.6,0.41,3.44,port_scan
82,16.33,32,89,77.62,0.2,2.48,port_scan
53,13.94,19,10,74.71,0.34,2.69,port_scan
78,28.4,19,49,43.3,0.24,2.48,port_scan
88,11.96,29,79,53.09,0.47,2.81,port_scan
65,22.14,22,35,48.97,0.33,2.86,port_scan
76,34.4,6,80,62.86,0.29,1.4,port_scan
110,18.79,24,51,74.78,0.47,2.41,port_scan
58,41.73,36,18,57.38,0.53,2.47,port_scan
128,27.32,43,93,67.51,0.45,1.4,port_scan
30,20.58,8,9,58.61,0.32,2.54,port_scan
36,15.41,36,21,42.15,0.02,2.26,port_scan
63,9.69,28,60,49.13,0.54,2.65,port_scan
105,16.86,24,83,38.69,0.31,2.76,port_scan
24,37.74,15,35,74.42,0.41,2.55,port_scan
53,30.48,29,96,76.2,0.06,1.09,port_scan
50,17.69,28,84,50.92,0.34,1.76,port_scan
74,38.93,25,43,59.76,0.42,1.11,port_scan
99,24.99,26,62,64.03,0.11,1.24,port_scan
118,27.37,6,62,50.54,0.19,1.75,port_scan
51,12.38,31,62,65.05,0.2,3.11,port_scan
23,16.29,15,68,42.15,0.32,2.8,port_scan
56,14.47,30,56,71.92,0.32,2.72,port_scan
11,9.12,28,61,57.57,0.21,2.33,port_scan
95,40.45,16,84,57.81,0.42,1.8,port_scan
38,18.03,16,101,60.76,0.19,2.02,port_scan
95,27.08,21,33,43.09,0.41,1.29,port_scan
70,38.76,34,76,35.06,0.24,2.43,port_scan
84,33.91,23,45,72.2,0.38,1.14,port_scan
113,32.02,28,82,54.28,0.34,1.34,port_scan
109,25.36,12,10,71.83,0.4,1.5,port_scan
53,32.27,41,103,52.96,0.45,1.41,port_scan
43,17.01,26,61,61.6,0.17,1.95,port_scan
89,10.9,14,65,68.87,0.3,1.65,port_scan
24,18.61,28,61,53.47,0.35,2.09,port_scan
55,36.06,33,72,63.52,0.35,1.82,port_scan
79,23.4,10,71,79.01,0.2,2.9,port_scan
32,38.52,28,50,65.9,0.54,1.72,port_scan
50,24.51,23,45,79.1,0.15,2.69,port_scan
124,20.13,34,23,55.05,0.31,1.79,port_scan
28,18.31,36,86,37.41,0.27,1.13,port_scan
106,25.64,43,73,40.33,0.2,1.76,port_scan
97,35.47,19,73,52.74,0.34,2.14,port_scan
79,16.58,12,83,47.68,0.4,2.82,port_scan
19,15.93,20,82,62.52,0.37,2.73,port_scan
79,15.95,25,34,53.18,0.42,1.82,port_scan
48,32.83,42,57,67.38,0.33,2.96,port_scan
104,29.83,20,42,55.89,0.26,2.42,port_scan
90,30.39,34,71,58.85,0.4,2.68,port_scan
46,35.2,36,68,47.3,0.1,1.67,port_scan
130,37.78,17,69,68.56,0.38,1.78,port_scan
47,27.44,17,90,70.63,0.19,2.65,port_scan
92,13.42,26,58,54.31,0.33,1.52,port_scan
95,5.28,20,69,71.94,0.12,1.95,port_scan
62,9.82,29,80,57.08,0.12,1.55,port_scan
49,34.13,29,82,55.49,0.47,2.5,port_scan
129,18.04,20,102,53.33,0.47,1.25,port_scan
96,12.39,13,94,78.99,0.22,1.9,port_scan
124,30.21,31,26,51.14,0.44,2.41,port_scan
64,17.09,11,53,56.63,0.34,2.1,port_scan
22,29.31,15,32,80.57,0.22,2.05,port_scan
24,28.78,20,53,47.62,0.24,1.78,port_scan
125,18.76,20,76,59.31,0.27,1.97,port_scan
87,28.32,25,23,41.66,0.23,2.35,port_scan
84,9.12,22,111,60.75,0.37,2.31,port_scan
117,16.76,37,19,71.15,0.42,2.12,port_scan
82,35.37,22,84,53.25,0.09,1.47,port_scan
87,39.01,35,49,70.24,0.18,1.3,port_scan
77,13.25,25,79,80.77,0.24,2.68,port_scan
69,14.68,18,24,67.02,0.27,2.64,port_scan
58,22.51,18,38,77.2,0.48,1.79,port_scan
108,30.33,42,60,48.18,0.26,3.13,port_scan
68,35.67,16,66,60.31,0.3,2.2,port_scan
78,13.31,31,98,52.51,0.41,2.71,port_scan
74,35.43,18,48,66.17,0.23,2.74,port_scan
89,16.76,30,87,64.51,0.43,2.3,port_scan
119,44.5,24,51,54.54,0.26,1.12,port_scan
93,30.0,24,71,61.07,0.24,1.18,port_scan
85,22.12,17,61,49.3,0.14,2.01,port_scan
66,30.12,41,25,73.72,0.41,1.58,port_scan
71,30.02,35,66,46.33,0.46,2.09,port_scan
15,38.96,10,51,56.48,0.12,2.3,port_scan
49,25.73,16,94,66.97,0.31,2.9,port_scan
84,42.63,36,27,83.3,0.29,1.22,port_scan
101,21.61,27,86,66.91,0.27,2.55,port_scan
69,30.11,36,42,52.84,0.31,1.57,port_scan
29,8.53,15,98,71.38,0.3,2.64,port_scan
51,34.86,25,88,80.75,0.22,0.88,port_scan
86,4.29,20,60,43.42,0.2,1.41,port_scan
70,20.06,15,18,49.08,0.3,2.44,port_scan
106,42.28,31,27,62.13,0.13,0.67,port_scan
49,24.5,15,77,57.45,0.35,1.48,port_scan
18,28.51,27,100,45.05,0.21,1.88,port_scan
101,38.09,36,42,51.77,0.42,1.41,port_scan
108,22.4,38,58,77.16,0.22,1.28,port_scan
125,35.28,38,74,73.02,0.48,1.97,port_scan
82,10.18,26,61,64.33,0.32,2.64,port_scan
83,28.89,15,34,54.12,0.39,2.13,port_scan
41,37.5,22,79,78.17,0.39,2.4,port_scan
30,42.39,25,65,82.0,0.13,1.5,port_scan
89,29.27,33,100,76.42,0.25,1.98,port_scan
110,12.95,36,13,64.64,0.26,2.65,port_scan
118,20.87,37,38,55.0,0.07,1.84,port_scan
73,25.81,36,46,56.74,0.35,1.27,port_scan
80,24.67,36,82,69.47,0.27,1.1,port_scan
90,26.94,37,80,57.37,0.37,2.26,port_scan
59,32.68,28,84,62.53,0.18,0.69,port_scan
33,16.61,25,80,70.91,0.36,1.21,port_scan
94,30.28,31,72,46.41,0.2,1.38,port_scan
48,15.98,24,48,62.63,0.44,2.18,port_scan
100,26.41,42,20,76.44,0.29,1.97,port_scan
68,11.25,31,13,72.99,0.27,2.36,port_scan
129,9.34,39,81,30.03,0.28,2.7,port_scan
60,18.73,12,41,66.71,0.34,1.63,port_scan
32,22.63,21,85,45.22,0.16,3.11,port_scan
73,30.7,40,84,42.89,0.31,1.15,port_scan
48,20.34,23,70,51.27,0.44,3.03,port_scan
67,13.86,17,76,75.64,0.23,2.41,port_scan
115,12.12,32,98,55.91,0.45,2.23,port_scan
65,30.84,36,60,76.0,0.43,2.84,port_scan
41,26.32,28,15,38.97,0.39,2.32,port_scan
33,16.11,32,35,58.97,0.34,2.59,port_scan
81,11.99,26,94,82.33,0.17,3.13,port_scan
68,18.89,28,24,59.88,0.28,1.88,port_scan
46,26.17,32,73,55.35,0.4,1.44,port_scan
47,22.0,19,32,78.06,0.06,1.38,port_scan
55,29.66,28,46,70.71,0.46,1.15,port_scan
116,29.38,7,54,53.08,0.3,1.75,port_scan
65,5.77,13,24,50.67,0.31,1.19,port_scan
28,17.86,23,35,45.62,0.18,1.53,port_scan
32,40.38,32,67,65.85,0.37,2.32,port_scan
83,26.55,38,0,48.53,0.48,1.22,port_scan
101,15.95,39,15,63.48,0.28,1.61,port_scan
43,9.64,21,100,50.94,0.16,0.95,port_scan
97,21.86,31,65,47.61,0.24,2.94,port_scan
7,15.62,15,42,58.84,0.18,2.48,port_scan
72,10.59,37,53,71.95,0.27,2.05,port_scan
66,9.71,21,74,60.3,0.17,1.82,port_scan
58,22.62,38,59,58.48,0.32,2.03,port_scan
62,30.58,32,32,50.7,0.46,3.22,port_scan
113,7.58,37,43,47.29,0.39,1.06,port_scan
14,27.28,30,37,46.51,0.37,1.95,port_scan
70,37.22,25,51,68.78,0.44,1.72,port_scan
33,27.61,25,29,56.71,0.26,2.03,port_scan
29,33.69,22,59,47.57,0.42,1.51,port_scan
32,23.21,16,47,42.74,0.34,0.99,port_scan
55,31.37,31,32,77.63,0.25,1.8,port_scan
117,35.85,6,39,62.54,0.44,2.13,port_scan
107,11.48,31,71,47.7,0.23,3.01,port_scan
93,9.81,24,66,53.69,0.44,2.46,port_scan
81,11.94,34,18,76.93,0.51,1.44,port_scan
60,35.42,9,94,65.25,0.42,1.83,port_scan
92,25.26,19,29,59.33,0.24,1.52,port_scan
90,35.01,34,38,50.03,0.39,1.44,port_scan
27,10.04,18,53,72.35,0.13,2.03,port_scan
27,31.39,19,42,67.25,0.41,2.37,port_scan
88,38.33,17,39,65.93,0.36,0.74,port_scan
72,17.86,34,75,62.3,0.2,1.24,port_scan
51,33.99,30,58,76.37,0.3,0.98,port_scan
55,27.28,29,80,49.03,0.39,2.29,port_scan
88,25.9,14,9,71.87,0.15,3.09,port_scan
95,5.33,12,96,79.73,0.31,0.8,port_scan
61,16.64,21,81,38.42,0.27,3.14,port_scan
68,19.4,37,54,59.17,0.09,1.39,port_scan
82,30.01,18,56,61.67,0.17,2.99,port_scan
30,12.15,18,49,42.54,0.23,2.75,port_scan
51,16.01,28,28,60.58,0.44,2.37,port_scan
69,34.3,21,59,41.69,0.41,2.39,port_scan
94,10.67,19,49,80.5,0.37,1.42,port_scan
121,11.81,13,63,57.24,0.19,2.02,port_scan
106,40.85,16,74,39.6,0.23,3.33,port_scan
54,9.69,28,14,67.1,0.09,0.89,port_scan
116,21.93,33,60,53.21,0.37,2.6,port_scan
96,35.69,20,101,46.78,0.16,1.65,port_scan
24,15.68,39,62,52.0,0.34,2.36,port_scan
27,26.92,16,46,77.87,0.12,2.26,port_scan
98,12.89,28,30,53.1,0.39,2.84,port_scan
37,30.89,31,73,62.81,0.38,0.91,port_scan
71,18.74,8,99,62.86,0.27,1.25,port_scan
29,24.54,26,37,66.88,0.11,2.82,port_scan
4,32.75,31,14,39.56,0.22,1.71,port_scan
26,20.77,24,47,49.06,0.42,2.66,port_scan
92,12.8,28,28,74.88,0.51,2.48,port_scan
28,22.68,30,42,49.8,0.25,2.11,port_scan
96,20.39,26,50,49.35,0.28,2.23,port_scan
113,33.56,31,54,46.6,0.31,1.46,port_scan
85,3.54,21,31,66.96,0.34,3.1,port_scan
86,16.31,46,11,58.6,0.16,1.52,port_scan
20,16.51,26,90,75.71,0.19,2.77,port_scan
49,24.46,20,33,51.38,0.13,2.34,port_scan
108,33.77,34,50,67.15,0.41,2.12,port_scan
70,17.48,29,58,73.08,0.45,2.37,port_scan
37,30.41,31,98,72.81,0.45,2.7,port_scan
98,11.18,28,10,66.13,0.29,1.7,port_scan
39,13.19,23,58,54.84,0.54,2.45,port_scan
60,31.27,9,86,33.82,0.37,1.1,port_scan
92,16.08,13,64,65.3,0.27,1.91,port_scan
57,27.95,36,31,71.74,0.05,2.12,port_scan
119,15.47,16,78,70.3,0.38,1.11,port_scan
66,11.83,18,71,58.25,0.46,2.22,port_scan
106,32.63,28,48,51.23,0.37,1.29,port_scan
78,28.58,33,61,48.36,0.37,1.82,port_scan
59,19.67,15,41,87.05,0.48,3.18,port_scan
106,8.74,29,96,53.85,0.23,2.33,port_scan
85,11.19,25,67,39.25,0.32,2.77,port_scan
0,25.97,34,28,34.49,0.11,2.35,port_scan
56,29.27,28,9,73.34,0.26,2.74,port_scan
59,29.41,20,71,46.86,0.34,1.1,port_scan
64,20.72,13,67,78.01,0.41,2.55,port_scan
85,30.34,15,78,69.37,0.1,2.9,port_scan
25,24.53,33,82,57.62,0.34,2.13,port_scan
78,16.73,28,52,58.18,0.44,2.4,port_scan
57,13.16,42,100,70.85,0.41,1.84,port_scan
64,39.22,30,41,57.91,0.15,2.63,port_scan
45,37.23,10,72,76.04,0.37,1.74,port_scan
74,15.65,12,37,61.8,0.19,1.03,port_scan
96,30.19,25,64,67.25,0.1,3.27,port_scan
115,8.66,34,19,61.63,0.48,1.16,port_scan
114,21.36,12,54,77.43,0.49,2.93,port_scan
29,28.81,15,85,68.03,0.42,2.22,port_scan
117,21.49,9,64,71.18,0.44,2.53,port_scan
88,42.16,29,6,69.1,0.42,2.03,port_scan
53,24.25,22,98,68.81,0.19,2.41,port_scan
93,16.05,14,84,82.37,0.07,2.98,port_scan
130,10.17,41,99,79.59,0.26,2.43,port_scan
65,20.66,32,31,59.03,0.14,1.68,port_scan
50,23.12,30,40,65.5,0.15,2.47,port_scan
4,18.79,40,65,70.74,0.5,1.31,port_scan
85,28.62,11,37,72.18,0.33,3.16,port_scan
34,21.89,13,17,77.43,0.33,1.31,port_scan
55,11.76,13,68,38.85,0.41,2.05,port_scan
58,0.0,15,80,77.51,0.34,0.82,port_scan
49,34.92,36,75,53.45,0.51,1.76,port_scan
16,25.95,37,25,55.44,0.33,1.82,port_scan
76,5.72,35,22,47.84,0.38,1.77,port_scan
30,20.22,39,89,75.31,0.11,2.78,port_scan
49,18.12,30,17,48.39,0.46,1.59,port_scan
52,42.46,29,72,79.75,0.27,2.09,port_scan
8,31.13,39,29,57.64,0.32,1.62,port_scan
83,13.9,32,15,47.15,0.16,1.78,port_scan
65,23.87,37,93,58.06,0.37,2.31,port_scan
127,37.99,28,15,63.87,0.33,2.79,port_scan
59,23.66,15,92,55.01,0.29,0.82,port_scan
117,6.73,38,106,69.35,0.13,2.12,port_scan
53,32.74,21,88,74.94,0.27,1.63,port_scan
23,9.41,22,39,53.1,0.17,2.13,port_scan
50,18.85,31,58,52.94,0.2,2.83,port_scan
39,18.68,10,84,62.62,0.35,1.72,port_scan
52,34.0,13,29,62.19,0.45,1.96,port_scan
61,31.98,23,100,69.26,0.44,1.03,port_scan
132,29.88,15,39,39.27,0.26,1.28,port_scan
72,11.42,25,84,49.45,0.14,1.0,port_scan
79,26.2,17,37,52.85,0.28,1.99,port_scan
85,17.22,35,50,76.69,0.35,2.53,port_scan
85,15.82,26,55,68.31,0.14,2.36,port_scan
86,34.37,28,51,49.72,0.41,1.98,port_scan
50,27.22,17,38,59.68,0.44,2.19,port_scan
48,27.39,17,48,67.32,0.28,2.11,port_scan
130,16.95,14,23,56.34,0.19,2.11,port_scan
109,38.07,27,27,56.05,0.51,1.16,port_scan
31,29.51,10,29,39.5,0.26,1.58,port_scan
30,24.2,30,72,44.62,0.38,2.46,port_scan
112,16.04,11,23,67.92,0.41,2.12,port_scan
105,35.89,37,33,55.37,0.34,2.51,port_scan
118,36.96,26,16,54.28,0.32,1.11,port_scan
59,21.8,19,97,41.79,0.22,2.91,port_scan
30,31.82,14,44,71.81,0.44,2.56,port_scan
69,9.89,38,45,45.84,0.16,0.96,port_scan
99,21.05,40,90,59.49,0.56,2.73,port_scan
38,27.77,26,45,47.48,0.22,2.54,port_scan
107,27.37,20,64,58.66,0.29,1.27,port_scan
71,16.38,37,69,75.78,0.25,2.73,port_scan
63,26.85,11,30,57.86,0.21,2.43,port_scan
77,17.63,17,78,67.42,0.32,1.84,port_scan
83,19.15,15,59,68.96,0.36,1.37,port_scan
89,15.93,9,96,63.76,0.2,2.07,port_scan
25,26.17,35,11,54.93,0.25,1.54,port_scan
99,9.98,29,46,41.72,0.11,2.35,port_scan
102,30.52,41,84,79.32,0.26,1.56,port_scan
85,10.0,35,55,64.74,0.15,2.79,port_scan
120,24.75,22,77,49.34,0.39,0.87,port_scan
10,36.45,23,44,72.27,0.49,2.92,port_scan
89,29.89,13,78,48.37,0.38,2.69,port_scan
56,33.53,39,66,54.17,0.13,3.08,port_scan
63,3.93,39,52,69.22,0.25,1.11,port_scan
39,27.51,20,73,79.5,0.27,3.04,port_scan
45,31.92,17,33,55.04,0.23,2.47,port_scan
72,32.25,18,65,62.89,0.14,2.34,port_scan
71,24.44,22,72,65.24,0.36,1.42,port_scan
97,15.66,21,68,68.35,0.31,1.49,port_scan
78,12.61,7,72,43.22,0.16,1.73,port_scan
53,6.97,18,58,44.83,0.48,2.84,port_scan
41,35.37,18,103,50.11,0.46,1.37,port_scan
65,31.57,14,68,69.59,0.24,2.98,port_scan
58,29.29,30,97,70.86,0.17,2.79,port_scan
67,15.92,32,83,65.06,0.53,2.64,port_scan
37,14.22,27,23,68.7,0.52,2.85,port_scan
14,21.19,21,20,69.28,0.4,1.08,port_scan
80,27.83,37,80,74.03,0.41,2.31,port_scan
115,16.1,34,82,78.15,0.21,1.92,port_scan
59,34.18,12,78,48.09,0.39,1.36,port_scan
106,46.97,38,26,61.83,0.38,2.7,port_scan
70,13.66,20,35,48.59,0.42,1.66,port_scan
50,15.63,24,92,57.42,0.12,1.02,port_scan
36,21.99,13,58,47.71,0.36,2.07,port_scan
116,16.58,42,97,42.71,0.46,2.53,port_scan
68,40.78,8,102,51.19,0.28,1.53,port_scan
80,36.84,32,57,67.27,0.24,1.63,port_scan
62,24.26,20,29,83.76,0.14,2.43,port_scan
19,15.91,8,25,67.48,0.5,2.71,port_scan
19,31.9,43,90,49.84,0.14,1.77,port_scan
123,20.37,13,39,49.05,0.23,2.74,port_scan
116,18.2,41,97,64.11,0.45,1.22,port_scan
128,9.98,33,52,46.11,0.24,1.74,port_scan
53,17.57,36,82,68.87,0.41,1.13,port_scan
65,21.9,12,33,72.0,0.35,2.65,port_scan
112,18.56,34,43,61.55,0.45,2.64,port_scan
70,7.59,25,63,57.43,0.44,2.35,port_scan
125,14.89,33,80,48.11,0.15,1.15,port_scan
57,14.38,24,72,45.15,0.32,3.27,port_scan
97,20.13,22,50,62.58,0.32,2.12,port_scan
107,22.16,43,78,82.13,0.47,3.16,port_scan
47,9.55,33,27,76.78,0.23,2.17,port_scan
45,33.83,29,25,46.14,0.5,0.92,port_scan
61,9.81,30,22,53.05,0.37,1.32,port_scan
92,9.29,7,64,51.65,0.19,1.46,port_scan
48,19.98,20,48,75.12,0.14,1.29,port_scan
91,21.16,22,31,71.54,0.53,1.59,port_scan
102,26.01,29,49,54.02,0.5,1.13,port_scan
81,17.33,20,49,63.85,0.47,1.91,port_scan
91,28.07,25,96,55.38,0.53,2.31,port_scan
42,40.07,18,55,43.67,0.42,2.16,port_scan
77,8.19,22,46,42.64,0.26,2.83,port_scan
84,24.58,39,45,57.53,0.41,2.55,port_scan
74,25.78,11,52,41.11,0.23,1.77,port_scan
97,12.39,24,97,47.28,0.13,2.69,port_scan
57,35.82,29,23,77.88,0.35,2.31,port_scan
93,21.9,35,36,78.87,0.27,2.54,port_scan
23,39.06,27,81,37.78,0.43,1.34,port_scan
79,39.55,35,52,79.96,0.2,2.52,port_scan
107,17.55,43,24,70.82,0.35,2.84,port_scan
140,28.85,36,83,61.44,0.43,2.4,port_scan
24,35.49,12,32,61.26,0.17,1.19,port_scan
58,25.95,30,93,79.87,0.5,2.88,port_scan
32,37.78,33,65,71.63,0.36,2.49,port_scan
95,13.12,33,99,43.9,0.48,2.79,port_scan
113,20.18,22,82,66.91,0.36,2.1,port_scan
108,29.78,22,33,44.6,0.41,3.17,port_scan
54,12.47,22,22,80.61,0.39,0.85,port_scan
66,15.24,22,52,67.97,0.12,1.57,port_scan
34,5.55,10,84,43.16,0.13,2.61,port_scan
75,28.81,34,46,51.17,0.28,2.3,port_scan
81,13.75,15,30,50.91,0.24,2.24,port_scan
110,39.08,9,10,66.01,0.43,2.21,port_scan
105,22.39,37,86,50.76,0.46,2.93,port_scan
22,31.17,19,56,39.69,0.24,3.16,port_scan
97,17.88,37,80,79.37,0.28,2.91,port_scan
55,9.17,27,80,65.79,0.47,1.64,port_scan
27,33.67,31,41,66.47,0.14,1.49,port_scan
55,9.89,11,37,66.36,0.38,1.55,port_scan
27,11.03,21,84,38.69,0.33,1.58,port_scan
76,23.63,14,43,58.11,0.31,2.25,port_scan
103,20.1,31,36,78.55,0.14,2.96,port_scan
28,29.0,15,64,69.69,0.36,2.88,port_scan
37,39.46,22,0,50.99,0.23,1.86,port_scan
66,24.92,37,64,68.65,0.41,3.29,port_scan
113,14.6,27,88,55.91,0.23,2.14,port_scan
22,26.48,29,75,49.09,0.36,2.68,port_scan
90,35.93,32,56,65.57,0.17,2.47,port_scan
127,19.38,11,35,55.36,0.29,1.94,port_scan
73,39.01,7,64,53.07,0.3,2.88,port_scan
66,13.33,12,58,66.62,0.15,2.93,port_scan
82,32.52,20,65,61.51,0.16,1.62,port_scan
118,36.23,19,83,55.33,0.24,1.36,port_scan
103,14.64,31,87,74.94,0.42,1.0,port_scan
37,14.44,21,68,59.28,0.3,2.63,port_scan
62,35.36,27,94,69.39,0.29,3.24,port_scan
72,21.55,38,35,51.57,0.22,1.0,port_scan
88,8.1,13,37,78.71,0.25,1.99,port_scan
60,17.62,27,44,57.43,0.1,2.21,port_scan
62,2.67,14,25,76.7,0.15,0.96,port_scan
94,33.0,25,0,53.26,0.32,1.42,port_scan
103,24.7,12,83,68.18,0.3,2.11,port_scan
62,8.69,29,97,70.62,0.47,2.71,port_scan
102,40.01,19,48,48.77,0.56,2.14,port_scan
48,19.92,29,19,69.52,0.4,2.23,port_scan
91,31.45,38,25,78.15,0.28,1.57,port_scan
109,6.58,25,75,42.46,0.17,2.45,port_scan
91,35.86,40,56,71.3,0.2,0.57,port_scan
50,10.51,35,58,45.25,0.29,1.3,port_scan
84,20.02,30,91,54.18,0.23,1.05,port_scan
67,27.14,18,26,46.47,0.23,1.33,port_scan
35,18.73,8,61,41.56,0.43,1.23,port_scan
69,22.81,12,82,82.52,0.36,2.06,port_scan
14,15.64,39,28,60.25,0.36,2.02,port_scan
81,17.04,40,100,80.33,0.2,2.48,port_scan
71,31.48,22,17,60.13,0.51,2.26,port_scan
65,34.56,18,72,55.54,0.38,1.39,port_scan
50,22.07,18,24,49.68,0.35,1.89,port_scan
49,21.63,11,87,76.01,0.43,1.64,port_scan
47,23.18,19,59,62.33,0.31,1.19,port_scan
94,32.58,15,108,58.3,0.26,1.62,port_scan
61,8.34,10,17,57.44,0.27,1.76,port_scan
19,32.64,10,37,44.59,0.26,2.85,port_scan
28,27.26,7,88,76.1,0.24,1.15,port_scan
85,37.14,27,62,52.0,0.2,2.23,port_scan
112,8.29,37,73,65.39,0.16,1.04,port_scan
36,17.2,32,86,66.07,0.19,1.43,port_scan
63,14.42,20,17,72.72,0.47,1.51,port_scan
40,15.4,33,90,57.15,0.45,1.48,port_scan
106,35.11,28,52,57.54,0.29,1.79,port_scan
98,31.81,24,64,73.34,0.31,2.05,port_scan
29,7.92,42,90,76.71,0.46,2.52,port_scan
103,20.4,31,43,39.88,0.51,2.84,port_scan
83,19.89,24,17,59.15,0.1,1.12,port_scan
68,18.75,17,19,42.89,0.41,1.21,port_scan
41,46.59,28,53,81.98,0.21,2.2,port_scan
76,19.48,31,33,76.2,0.38,1.83,port_scan
27,8.94,26,71,50.88,0.47,2.61,port_scan
73,21.91,35,37,50.14,0.28,2.34,port_scan
121,39.1,6,75,75.47,0.27,1.61,port_scan
61,30.31,24,92,53.9,0.31,1.28,port_scan
54,12.38,34,29,59.22,0.3,1.19,port_scan
52,10.14,36,24,74.53,0.18,2.49,port_scan
26,38.94,20,36,52.32,0.19,1.36,port_scan
110,37.17,22,26,52.69,0.17,1.53,port_scan
22,35.18,40,91,50.42,0.25,1.47,port_scan
89,33.73,42,63,55.04,0.3,2.49,port_scan
22,24.35,39,57,63.63,0.16,2.76,port_scan
42,35.5,30,58,75.96,0.34,1.52,port_scan
92,10.63,15,75,61.78,0.41,0.63,port_scan
94,27.65,10,90,70.5,0.52,2.0,port_scan
81,22.87,36,72,48.51,0.54,3.03,port_scan
106,30.68,25,41,54.15,0.37,2.23,port_scan
73,17.9,35,43,69.54,0.2,3.02,port_scan
86,39.2,21,31,51.97,0.11,1.09,port_scan
70,26.11,40,70,81.43,0.23,1.21,port_scan
110,35.8,18,29,52.76,0.42,1.75,port_scan
28,14.82,31,51,60.89,0.39,0.95,port_scan
16,37.87,33,29,47.22,0.38,2.83,port_scan
55,9.27,11,105,57.02,0.12,2.06,port_scan
57,25.08,38,33,50.61,0.23,2.09,port_scan
30,36.38,34,62,57.68,0.5,1.56,port_scan
84,13.16,19,55,46.43,0.24,1.48,port_scan
108,27.16,27,35,60.37,0.27,1.83,port_scan
88,40.1,15,56,42.32,0.37,1.94,port_scan
24,13.17,19,98,46.75,0.37,2.62,port_scan
86,10.07,32,33,57.19,0.47,1.52,port_scan
72,37.27,23,60,57.23,0.17,1.07,port_scan
77,36.2,20,78,56.92,0.35,2.8,port_scan
85,37.41,21,93,56.42,0.46,2.07,port_scan
36,10.36,39,55,55.96,0.34,1.27,port_scan
62,29.5,18,85,81.58,0.29,1.7,port_scan
51,27.87,14,100,80.57,0.32,1.76,port_scan
62,21.69,36,19,42.97,0.16,1.62,port_scan
56,12.52,39,79,37.07,0.43,1.62,port_scan
51,26.23,27,105,56.85,0.36,1.53,port_scan
125,32.13,38,26,50.25,0.26,2.0,port_scan
114,5.76,18,60,62.49,0.15,2.71,port_scan
58,33.34,11,45,64.77,0.4,1.71,port_scan
101,36.92,32,108,53.48,0.1,1.63,port_scan
108,34.77,9,29,57.67,0.12,1.45,port_scan
52,12.53,14,71,61.76,0.35,2.93,port_scan
49,20.27,28,35,42.81,0.21,2.51,port_scan
32,21.77,34,79,58.23,0.18,1.22,port_scan
99,7.45,10,74,75.4,0.37,2.28,port_scan
74,31.86,13,62,36.96,0.25,1.7,port_scan
26,24.14,34,39,53.76,0.19,1.72,port_scan
41,26.29,38,43,52.24,0.58,2.6,port_scan
62,19.86,20,45,77.32,0.29,1.73,port_scan
91,42.17,22,68,53.05,0.31,1.88,port_scan
77,21.85,30,87,33.85,0.28,2.29,port_scan
35,4.53,42,87,56.06,0.21,1.88,port_scan
84,33.32,18,71,62.61,0.27,2.58,port_scan
109,41.92,20,73,49.04,0.3,2.53,port_scan
70,35.36,23,14,74.34,0.25,2.8,port_scan
37,35.46,42,72,58.37,0.2,2.89,port_scan
78,15.54,17,76,82.34,0.27,1.28,port_scan
77,8.74,25,88,67.58,0.46,3.23,port_scan
40,36.72,28,69,51.52,0.38,1.81,port_scan
22,13.03,20,64,57.74,0.26,1.62,port_scan
29,24.05,23,29,39.71,0.37,1.9,port_scan
113,18.52,24,63,71.93,0.32,2.73,port_scan
127,11.97,19,48,41.43,0.49,2.43,port_scan
110,22.98,43,23,77.64,0.38,2.77,port_scan
103,18.7,18,50,68.94,0.41,2.6,port_scan
78,12.83,21,104,70.25,0.49,2.65,port_scan
124,14.29,15,90,43.92,0.24,3.19,port_scan
51,34.27,11,24,60.33,0.14,1.77,port_scan
22,27.03,20,26,59.96,0.2,2.39,port_scan
36,38.75,26,43,69.7,0.21,2.85,port_scan
60,11.84,13,63,42.92,0.43,1.62,port_scan
86,27.81,27,49,66.9,0.4,1.96,port_scan
50,38.94,35,24,57.26,0.11,1.24,port_scan
62,19.0,34,23,42.56,0.2,1.27,port_scan
113,10.52,11,18,67.86,0.22,1.81,port_scan
66,33.76,13,45,70.85,0.21,2.3,port_scan
63,9.46,27,84,69.39,0.3,2.42,port_scan
60,19.88,35,58,68.54,0.41,1.85,port_scan
134,21.74,32,29,64.98,0.19,2.73,port_scan
81,3.81,33,41,52.75,0.47,2.53,port_scan
29,39.12,30,12,49.4,0.23,2.76,port_scan
85,33.29,17,88,43.97,0.3,1.29,port_scan
67,32.31,24,34,36.88,0.16,1.84,port_scan
105,30.11,42,38,56.72,0.25,1.12,port_scan
74,34.17,25,91,63.45,0.12,1.58,port_scan
51,19.05,32,69,64.77,0.2,2.19,port_scan
79,11.23,15,100,64.89,0.37,1.54,port_scan
127,20.18,35,92,40.03,0.45,2.13,port_scan
26,25.88,25,86,55.69,0.06,1.59,port_scan
20,39.03,27,76,41.4,0.16,2.9,port_scan
72,32.35,22,86,65.11,0.54,2.93,port_scan
91,18.09,10,79,58.49,0.31,2.55,port_scan
118,13.67,35,58,68.54,0.33,1.43,port_scan
45,33.07,23,50,75.75,0.24,2.83,port_scan
76,9.23,8,91,48.41,0.18,2.2,port_scan
128,37.44,35,47,69.18,0.41,1.92,port_scan
60,11.3,30,77,74.57,0.42,2.13,port_scan
90,13.74,14,92,83.03,0.38,2.08,port_scan
111,21.95,29,54,56.98,0.07,2.5,port_scan
19,27.8,32,23,44.39,0.4,2.27,port_scan
103,12.54,33,53,79.8,0.38,2.65,port_scan
65,16.13,28,71,48.65,0.45,1.79,port_scan
106,15.33,36,20,50.27,0.39,1.65,port_scan
70,19.24,33,26,62.08,0.37,2.25,port_scan
80,21.82,13,90,45.04,0.41,2.14,port_scan
92,22.75,12,39,61.18,0.13,0.89,port_scan
60,28.39,16,49,68.82,0.42,3.03,port_scan
108,21.89,42,40,69.5,0.3,2.38,port_scan
35,26.07,15,86,73.49,0.13,1.4,port_scan
86,18.57,34,27,60.72,0.45,2.26,port_scan
16,16.59,18,60,46.06,0.14,2.8,port_scan
77,31.21,39,20,61.48,0.53,2.81,port_scan
68,24.12,14,60,56.94,0.46,2.82,port_scan
96,30.01,23,54,47.52,0.09,1.61,port_scan
69,38.94,21,100,53.84,0.21,1.71,port_scan
26,36.39,29,21,80.76,0.39,1.6,port_scan
107,40.18,19,45,54.79,0.43,1.45,port_scan
18,21.0,31,42,52.54,0.2,1.78,port_scan
84,40.34,19,25,46.44,0.39,2.31,port_scan
65,17.78,38,22,67.95,0.27,2.46,port_scan
116,12.33,40,62,71.54,0.28,2.09,port_scan
50,15.53,26,80,64.6,0.37,2.49,port_scan
64,11.28,23,102,87.73,0.36,1.64,port_scan
79,14.31,37,61,41.37,0.17,2.33,port_scan
50,30.86,33,35,50.25,0.26,2.88,port_scan
93,37.89,28,116,74.86,0.14,2.62,port_scan
48,23.76,23,69,67.49,0.15,1.34,port_scan
92,23.81,36,25,73.59,0.28,1.33,port_scan
93,37.58,25,102,41.56,0.15,2.66,port_scan
108,8.8,13,46,60.5,0.22,1.06,port_scan
45,32.76,27,22,54.54,0.23,1.3,port_scan
19,21.65,25,51,76.29,0.3,2.95,port_scan
92,22.71,16,88,64.08,0.16,1.43,port_scan
31,33.88,12,93,45.48,0.44,1.39,port_scan
120,30.77,29,63,51.86,0.33,1.23,port_scan
74,32.31,33,31,63.87,0.58,1.25,port_scan
33,27.55,16,40,75.37,0.35,1.24,port_scan
73,16.95,19,41,74.99,0.42,2.81,port_scan
28,36.85,14,71,54.74,0.18,1.61,port_scan
105,26.4,32,8,47.78,0.09,1.08,port_scan
22,36.16,13,52,61.83,0.25,1.59,port_scan
62,34.51,20,11,78.52,0.54,1.45,port_scan
57,14.19,17,27,75.22,0.33,2.04,port_scan
67,10.32,37,51,69.76,0.38,0.98,port_scan
102,19.06,25,54,81.39,0.29,2.74,port_scan
97,11.27,16,62,71.79,0.35,1.35,port_scan
68,25.47,34,52,43.98,0.16,1.28,port_scan
37,23.19,13,42,55.64,0.39,1.45,port_scan
63,11.29,21,70,64.32,0.44,1.59,port_scan
34,32.23,14,69,77.86,0.11,2.03,port_scan
16,25.54,24,80,53.64,0.51,1.45,port_scan
95,8.78,36,87,71.98,0.48,1.06,port_scan
34,21.53,16,64,37.03,0.15,2.25,port_scan
72,18.16,40,33,45.66,0.52,1.86,port_scan
123,34.21,22,80,55.03,0.12,2.74,port_scan
80,15.24,31,38,73.55,0.43,2.72,port_scan
35,35.23,13,93,46.15,0.17,1.88,port_scan
66,13.74,14,42,40.43,0.26,2.06,port_scan
111,10.55,24,92,52.33,0.51,1.99,port_scan
130,17.43,21,57,60.11,0.45,2.75,port_scan
38,39.7,14,21,60.46,0.33,1.95,port_scan
25,37.5,42,43,65.36,0.12,1.55,port_scan
75,11.57,38,51,51.06,0.38,1.77,port_scan
34,43.26,11,46,47.35,0.19,1.4,port_scan
61,33.56,41,2,53.07,0.21,2.4,port_scan
58,9.59,37,51,80.03,0.19,2.25,port_scan
87,13.88,39,96,66.72,0.34,1.47,port_scan
123,38.65,28,78,63.16,0.41,3.21,port_scan
88,15.16,18,30,62.9,0.23,2.37,port_scan
57,13.2,33,57,73.93,0.27,1.22,port_scan
7,11.45,33,54,70.08,0.37,1.83,port_scan
59,19.2,10,86,84.67,0.23,0.77,port_scan
98,19.47,30,31,77.51,0.34,0.81,port_scan
27,25.75,18,62,68.92,0.3,1.25,port_scan
50,41.68,10,82,58.53,0.26,1.78,port_scan
94,39.76,24,85,61.89,0.17,2.84,port_scan
66,35.04,18,39,78.07,0.52,1.96,port_scan
91,12.27,35,62,66.62,0.18,1.57,port_scan
118,28.95,39,83,53.98,0.21,2.31,port_scan
36,28.38,26,56,43.39,0.23,1.29,port_scan
22,29.88,23,78,58.43,0.2,2.57,port_scan
16,28.23,20,30,49.31,0.19,0.82,port_scan
47,18.64,37,68,63.21,0.17,2.02,port_scan
49,30.27,25,85,72.04,0.44,1.57,port_scan
63,14.01,23,88,77.88,0.43,1.8,port_scan
131,29.95,37,72,55.16,0.06,0.99,port_scan
100,22.09,34,46,77.49,0.23,2.69,port_scan
121,18.4,28,57,74.61,0.46,2.4,port_scan
55,27.43,16,18,56.12,0.14,1.76,port_scan
22,11.2,21,29,61.54,0.14,1.73,port_scan
105,16.84,22,32,77.32,0.14,1.17,port_scan
115,18.37,36,62,67.63,0.41,2.01,port_scan
47,9.07,22,96,45.88,0.25,3.39,port_scan
110,28.78,13,15,78.99,0.37,3.0,port_scan
94,19.01,14,93,69.49,0.5,1.13,port_scan
81,34.81,42,93,54.45,0.23,2.25,port_scan
51,33.63,32,44,69.94,0.35,0.99,port_scan
25,39.1,23,22,47.37,0.27,1.69,port_scan
50,38.33,22,44,68.98,0.25,2.38,port_scan
112,32.22,10,55,53.04,0.23,2.31,port_scan
52,14.15,8,29,41.96,0.31,1.8,port_scan
58,31.32,20,74,33.05,0.5,2.31,port_scan
13,29.25,14,102,83.55,0.1,1.84,port_scan
80,32.39,10,33,58.98,0.19,1.73,port_scan
66,12.68,32,86,81.82,0.16,2.2,port_scan
105,22.96,20,77,56.02,0.13,2.5,port_scan
68,22.83,16,20,51.93,0.41,2.42,port_scan
109,14.87,27,72,65.78,0.38,3.04,port_scan
81,36.91,41,60,50.41,0.47,1.51,port_scan
51,18.83,22,57,71.61,0.52,1.98,port_scan
113,33.01,7,38,45.07,0.41,3.18,port_scan
47,15.99,38,96,50.27,0.44,2.28,port_scan
67,21.28,15,72,66.74,0.34,1.41,port_scan
85,15.29,23,54,74.93,0.36,1.84,port_scan
71,24.14,14,33,77.07,0.44,2.17,port_scan
9,36.1,24,42,60.4,0.15,2.13,port_scan
11,19.11,26,78,62.17,0.46,2.69,port_scan
79,29.3,34,9,60.14,0.25,2.68,port_scan
89,33.75,18,89,79.74,0.29,2.69,port_scan
72,14.51,22,80,69.26,0.36,2.79,port_scan
31,36.67,15,73,49.02,0.48,1.33,port_scan
50,25.34,32,19,57.34,0.46,1.71,port_scan
109,13.65,37,83,40.17,0.45,2.59,port_scan
26,35.1,9,62,40.27,0.4,2.69,port_scan
19,19.4,31,57,74.8,0.29,2.13,port_scan
100,25.73,29,6,60.97,0.22,1.1,port_scan
44,25.17,35,23,83.92,0.37,2.91,port_scan
103,15.1,18,50,59.7,0.2,2.19,port_scan
51,16.07,8,67,56.29,0.11,2.43,port_scan
61,18.44,29,20,45.63,0.23,2.61,port_scan
86,28.56,14,24,58.79,0.14,1.32,port_scan
48,14.79,17,78,70.38,0.4,2.91,port_scan
90,24.19,31,98,39.46,0.45,2.21,port_scan
91,10.26,22,47,51.82,0.34,1.59,port_scan
104,11.72,35,86,77.3,0.33,2.07,port_scan
123,9.98,23,5,60.66,0.15,2.55,port_scan
65,30.06,24,89,72.42,0.43,2.6,port_scan
53,10.59,22,63,71.41,0.09,1.81,port_scan
73,26.52,12,80,53.63,0.39,1.64,port_scan
98,22.9,21,32,69.31,0.47,2.12,port_scan
67,19.39,27,39,57.95,0.24,3.0,port_scan
95,20.54,28,95,49.7,0.41,2.79,port_scan
74,33.0,28,44,43.69,0.34,3.16,port_scan
87,31.33,24,31,38.69,0.39,2.28,port_scan
62,12.74,16,56,46.76,0.38,3.26,port_scan
100,16.72,34,38,54.26,0.45,2.25,port_scan
79,17.49,23,55,45.55,0.44,1.78,port_scan
92,27.7,17,87,69.99,0.05,1.72,port_scan
55,26.35,19,94,50.41,0.35,2.77,port_scan
111,11.71,37,54,58.96,0.21,2.39,port_scan
77,19.25,30,77,66.73,0.41,2.23,port_scan
55,29.4,40,27,37.31,0.08,2.79,port_scan
131,8.75,19,38,41.0,0.17,2.78,port_scan
40,28.84,34,76,50.15,0.13,0.79,port_scan
79,15.94,25,73,54.16,0.29,0.89,port_scan
38,25.27,21,40,69.94,0.44,1.12,port_scan
105,31.65,42,50,61.04,0.37,1.49,port_scan
24,15.11,39,44,53.65,0.52,2.04,port_scan
128,29.09,37,50,54.9,0.16,1.76,port_scan
109,38.37,40,44,67.75,0.28,1.42,port_scan
93,15.65,13,26,79.06,0.44,2.79,port_scan
75,22.21,13,64,46.85,0.19,1.93,port_scan
75,19.33,34,89,49.99,0.36,2.12,port_scan
114,45.68,9,60,81.25,0.14,1.39,port_scan
69,7.4,36,49,45.75,0.2,1.99,port_scan
89,20.45,31,30,55.65,0.15,1.15,port_scan
27,28.77,18,31,45.38,0.13,1.72,port_scan
105,34.21,10,25,67.85,0.26,2.09,port_scan
60,13.54,40,95,50.55,0.08,2.88,port_scan
12,34.52,32,41,54.98,0.12,1.32,port_scan
65,34.44,25,21,54.0,0.12,1.22,port_scan
47,8.69,25,37,73.63,0.31,1.59,port_scan
50,43.85,22,23,42.14,0.4,2.84,port_scan
50,29.27,14,53,54.17,0.11,3.39,port_scan
63,28.19,21,14,69.72,0.32,2.76,port_scan
76,6.18,21,24,74.38,0.36,2.01,port_scan
24,27.83,15,72,43.03,0.44,2.65,port_scan
12,6.46,14,33,68.77,0.47,1.52,port_scan
56,30.18,27,61,69.43,0.49,2.56,port_scan
43,41.6,29,97,68.25,0.42,3.01,port_scan
20,23.44,29,41,57.35,0.22,1.7,port_scan
115,11.45,39,64,50.91,0.38,2.44,port_scan
37,9.74,10,82,73.86,0.13,0.93,port_scan
49,30.96,37,29,53.02,0.3,1.58,port_scan
128,38.55,21,25,73.21,0.31,1.14,port_scan
59,32.07,18,64,48.05,0.46,2.09,port_scan
3,15.74,17,91,44.94,0.43,1.25,port_scan
48,39.09,25,59,51.31,0.11,1.42,port_scan
67,17.27,15,104,74.36,0.56,2.57,port_scan
30,23.79,32,61,38.74,0.3,2.39,port_scan
64,15.24,26,86,51.18,0.4,1.48,port_scan
57,15.5,34,73,60.31,0.31,2.63,port_scan
49,27.31,25,12,65.74,0.48,1.82,port_scan
61,25.81,13,24,38.22,0.44,2.02,port_scan
100,26.78,23,38,47.75,0.31,1.27,port_scan
89,14.87,21,53,52.61,0.53,2.91,port_scan
94,14.79,23,12,45.83,0.52,1.32,port_scan
68,24.38,39,68,60.73,0.21,2.38,port_scan
127,16.39,38,28,73.33,0.09,1.95,port_scan
21,20.63,18,36,72.45,0.16,2.69,port_scan
117,31.64,31,90,64.49,0.11,2.07,port_scan
67,28.87,37,47,70.16,0.26,1.71,port_scan
70,21.27,22,64,70.99,0.19,2.73,port_scan
109,17.11,13,86,77.18,0.34,1.16,port_scan
119,23.53,36,113,75.99,0.2,2.16,port_scan
51,27.07,8,75,53.68,0.45,1.67,port_scan
86,22.96,23,62,62.55,0.16,1.32,port_scan
114,25.89,33,3,78.71,0.3,0.95,port_scan
110,25.67,32,54,46.99,0.13,1.46,port_scan
44,22.8,30,77,69.21,0.49,0.94,port_scan
80,28.98,15,73,75.95,0.22,1.4,port_scan
113,25.95,22,98,58.18,0.11,3.03,port_scan
87,34.36,13,22,68.88,0.1,1.47,port_scan
50,26.45,9,96,44.89,0.38,2.12,port_scan
95,25.15,31,3,42.62,0.23,1.28,port_scan
109,12.78,23,66,52.36,0.56,0.98,port_scan
14,36.07,24,33,41.34,0.44,2.89,port_scan
100,38.49,25,62,46.89,0.53,2.48,port_scan
118,33.01,34,21,47.44,0.15,2.69,port_scan
79,41.75,18,95,73.98,0.34,2.56,port_scan
26,25.26,21,81,44.24,0.4,3.1,port_scan
79,22.96,13,101,72.53,0.21,1.09,port_scan
22,30.53,28,17,73.87,0.46,1.49,port_scan
37,24.8,30,63,38.25,0.29,2.16,port_scan
112,16.56,7,100,58.86,0.19,2.49,port_scan
38,25.54,9,109,52.6,0.43,2.4,port_scan
16,24.74,26,45,61.94,0.34,1.98,port_scan
81,23.67,16,104,50.32,0.5,2.7,port_scan
126,29.34,31,100,68.52,0.31,2.21,port_scan
41,20.59,26,78,61.83,0.37,1.59,port_scan
115,30.61,31,77,67.66,0.17,1.93,port_scan
31,25.87,33,73,67.95,0.39,1.05,port_scan
30,32.24,10,20,43.13,0.42,2.88,port_scan
93,38.65,25,100,75.97,0.42,1.51,port_scan
52,10.94,30,25,77.8,0.1,1.43,port_scan
10,22.04,34,98,66.24,0.31,2.16,port_scan
58,35.09,32,103,76.69,0.34,2.92,port_scan
88,10.74,10,76,74.12,0.42,2.07,port_scan
71,27.3,19,60,63.24,0.31,1.38,port_scan
53,28.56,28,43,52.09,0.5,2.41,port_scan
114,13.14,33,68,79.85,0.3,1.84,port_scan
47,23.31,24,15,68.81,0.37,2.25,port_scan
14,45.03,25,64,48.94,0.33,1.95,port_scan
31,16.18,26,36,56.84,0.23,2.04,port_scan
133,22.29,24,31,43.15,0.44,2.56,port_scan
19,39.11,27,108,58.8,0.44,2.71,port_scan
113,37.39,34,17,57.7,0.43,2.64,port_scan
71,11.1,35,52,65.99,0.12,1.61,port_scan
95,30.05,23,105,66.05,0.15,1.28,port_scan
59,32.8,32,23,73.1,0.54,1.15,port_scan
96,36.47,21,34,65.22,0.4,2.83,port_scan
83,14.97,10,63,51.31,0.32,1.48,port_scan
84,24.79,10,85,62.98,0.14,2.48,port_scan
60,25.01,24,43,54.48,0.45,2.81,port_scan
55,16.38,42,40,54.96,0.42,1.26,port_scan
110,10.36,31,36,78.41,0.33,1.63,port_scan
70,13.24,19,52,54.37,0.16,3.24,port_scan
17,26.13,32,63,41.77,0.46,1.42,port_scan
107,16.86,31,22,66.66,0.35,2.08,port_scan
94,9.21,11,69,53.41,0.24,1.83,port_scan
70,23.09,23,72,49.62,0.13,0.96,port_scan
50,35.6,38,14,45.02,0.37,0.99,port_scan
104,10.4,12,27,51.42,0.47,2.18,port_scan
41,0.32,27,55,70.51,0.34,2.75,port_scan
123,32.85,19,77,53.08,0.32,1.97,port_scan
93,10.05,21,102,59.69,0.39,1.44,port_scan
66,35.48,39,33,72.08,0.3,1.39,port_scan
30,21.47,33,28,51.9,0.36,2.33,port_scan
69,22.54,37,34,56.05,0.27,2.82,port_scan
69,26.9,31,36,61.63,0.48,1.91,port_scan
66,4.61,33,52,46.87,0.08,2.51,port_scan
127,36.14,28,84,78.81,0.11,1.9,port_scan
34,38.0,21,43,76.18,0.37,2.17,port_scan
28,31.1,14,31,68.56,0.43,1.38,port_scan
77,18.4,21,99,71.94,0.16,1.73,port_scan
44,23.92,13,29,73.07,0.35,1.3,port_scan
38,34.63,30,99,64.53,0.34,1.71,port_scan
37,2.38,30,75,81.83,0.29,1.44,port_scan
25,36.01,17,96,76.73,0.39,1.52,port_scan
85,21.53,41,99,64.02,0.33,0.78,port_scan
75,27.87,12,61,52.32,0.51,1.16,port_scan
62,17.6,32,43,58.98,0.27,2.54,port_scan
37,38.4,27,41,49.71,0.53,1.46,port_scan
59,27.63,19,69,53.72,0.29,2.26,port_scan
84,13.73,33,43,47.32,0.21,1.22,port_scan
117,20.73,36,45,72.03,0.5,1.59,port_scan
79,33.34,19,56,58.38,0.24,1.62,port_scan
73,21.63,30,57,39.02,0.37,1.9,port_scan
110,39.81,27,32,64.75,0.53,1.78,port_scan
113,26.72,18,20,72.31,0.23,0.98,port_scan
92,10.6,31,40,70.06,0.51,1.39,port_scan
18,30.8,17,62,48.03,0.12,1.59,port_scan
29,17.25,35,106,43.04,0.13,2.39,port_scan
24,24.35,20,58,49.56,0.29,1.15,port_scan
35,36.19,24,43,71.42,0.41,2.58,port_scan
116,13.21,17,41,40.03,0.47,1.71,port_scan
111,8.02,21,66,63.49,0.25,2.62,port_scan
117,16.94,31,100,84.19,0.21,1.95,port_scan
76,39.08,29,68,37.13,0.37,1.94,port_scan
38,36.12,4,13,71.52,0.35,1.36,port_scan
9,32.58,7,98,53.89,0.22,2.33,port_scan
72,19.86,31,42,47.47,0.48,1.35,port_scan
79,15.56,15,89,37.24,0.22,2.76,port_scan
47,10.32,31,59,43.62,0.37,2.21,port_scan
60,10.76,29,89,63.22,0.37,3.36,port_scan
101,20.46,11,45,49.37,0.27,1.54,port_scan
125,22.33,21,67,80.2,0.42,2.9,port_scan
38,39.73,40,28,78.0,0.39,2.31,port_scan
100,19.88,42,45,76.24,0.14,2.58,port_scan
64,38.71,24,64,62.36,0.28,1.9,port_scan
118,25.26,16,37,58.06,0.43,1.55,port_scan
62,20.97,34,45,74.13,0.46,2.41,port_scan
101,16.42,13,49,47.81,0.51,2.53,port_scan
28,9.29,19,43,42.63,0.15,1.36,port_scan
67,19.29,35,87,54.6,0.45,2.4,port_scan
80,19.31,40,79,66.21,0.17,3.02,port_scan
47,36.54,27,88,51.96,0.33,1.04,port_scan
53,29.53,30,25,52.96,0.41,3.0,port_scan
56,13.5,39,24,42.61,0.18,2.68,port_scan
95,5.06,26,77,80.8,0.26,1.48,port_scan
42,23.16,27,65,52.53,0.14,1.89,port_scan
122,8.81,29,48,51.05,0.11,1.39,port_scan
105,32.27,18,32,35.37,0.35,2.78,port_scan
89,30.84,39,37,72.45,0.51,2.27,port_scan
54,21.81,21,79,47.65,0.2,2.35,port_scan
23,13.59,28,60,55.95,0.24,2.5,port_scan
47,26.25,25,67,48.06,0.25,1.89,port_scan
62,31.06,20,61,49.18,0.14,1.26,port_scan
30,19.47,12,34,40.99,0.34,1.48,port_scan
83,29.57,32,50,63.9,0.07,2.85,port_scan
123,18.98,32,66,51.08,0.28,1.22,port_scan
101,9.53,36,24,62.69,0.17,2.23,port_scan
105,22.32,19,29,76.35,0.4,1.28,port_scan
66,18.67,29,23,42.03,0.48,1.46,port_scan
21,37.49,37,36,54.2,0.29,2.89,port_scan
87,16.58,31,90,75.67,0.37,1.31,port_scan
53,19.91,30,61,61.06,0.18,2.62,port_scan
81,16.84,24,66,63.65,0.23,0.96,port_scan
78,20.17,15,46,51.75,0.36,1.77,port_scan
77,35.57,30,78,51.17,0.24,1.32,port_scan
24,23.09,41,74,63.06,0.28,2.13,port_scan
79,33.91,26,67,49.93,0.14,3.17,port_scan
135,17.19,20,39,49.24,0.3,1.45,port_scan
97,20.22,9,19,46.17,0.41,2.61,port_scan
3236,469.91,4,4,973.63,0.05,0.76,ddos
787,214.62,5,3,915.39,0.09,0.69,ddos
2646,109.79,9,4,1081.04,0.06,1.93,ddos
2553,177.83,10,3,1372.82,0.08,0.74,ddos
2439,154.25,7,2,974.3,0.02,1.74,ddos
1297,322.9,8,3,1570.8,0.07,1.45,ddos
2239,480.8,0,1,1218.14,0.05,1.88,ddos
255,360.09,19,4,1376.07,0.07,1.42,ddos
2923,98.36,15,4,431.29,0.06,0.75,ddos
1856,344.49,12,1,958.9,0.02,1.22,ddos
71,261.26,16,3,1159.99,0.07,1.3,ddos
2605,217.73,11,2,1144.64,0.08,1.17,ddos
1310,224.99,7,3,810.24,0.05,0.89,ddos
2462,67.4,2,3,622.85,0.06,1.27,ddos
1944,219.23,12,4,942.68,0.07,0.74,ddos
1048,360.83,14,4,633.84,0.05,1.75,ddos
1964,297.21,15,4,572.94,0.04,1.52,ddos
0,482.44,0,4,840.21,0.08,1.57,ddos
371,80.81,2,4,1491.18,0.01,1.72,ddos
2448,84.3,6,3,885.87,0.1,1.51,ddos
853,47.16,17,3,588.45,0.06,1.19,ddos
1377,148.16,15,2,960.12,0.08,0.88,ddos
1232,310.6,12,2,1327.4,0.11,0.79,ddos
1397,227.69,18,4,1298.96,0.06,1.59,ddos
2415,279.21,16,3,1141.79,0.03,0.56,ddos
2113,292.74,5,2,545.9,0.11,1.04,ddos
1955,316.14,16,3,1150.56,0.09,0.98,ddos
506,337.39,4,2,494.85,0.07,1.77,ddos
2960,251.84,10,2,564.99,0.09,0.55,ddos
2211,120.37,0,2,1136.22,0.06,1.77,ddos
1265,131.22,2,4,592.54,0.04,0.83,ddos
305,491.44,3,4,843.49,0.09,0.9,ddos
2272,259.53,1,2,473.2,0.06,1.1,ddos
1922,369.04,7,1,525.98,0.03,1.26,ddos
564,432.88,4,1,753.36,0.03,0.63,ddos
2466,334.04,12,2,820.99,0.04,1.25,ddos
1165,210.84,6,1,738.13,0.08,2.03,ddos
1956,143.93,0,2,958.1,0.04,0.92,ddos
2910,283.9,13,4,918.13,0.07,1.6,ddos
2778,391.43,14,2,517.1,0.08,1.73,ddos
2373,111.95,7,3,936.14,0.04,1.77,ddos
3252,483.76,12,2,1348.97,0.1,1.87,ddos
1081,363.63,20,3,1259.48,0.03,1.43,ddos
1922,434.72,15,3,1441.88,0.06,1.24,ddos
2294,224.02,15,3,1342.8,0.03,0.63,ddos
1503,441.06,5,1,758.96,0.07,1.46,ddos
846,380.17,2,2,1242.36,0.02,0.83,ddos
1290,438.3,4,2,1203.86,0.07,0.78,ddos
577,397.39,16,2,1032.68,0.07,0.81,ddos
460,199.37,3,3,1399.75,0.03,0.54,ddos
2541,364.14,6,3,1154.17,0.05,1.99,ddos
1689,85.86,1,4,1151.94,0.09,0.64,ddos
766,235.61,3,2,1483.44,0.1,0.72,ddos
2528,485.78,5,4,588.33,0.01,1.22,ddos
2818,406.71,0,3,763.33,0.0,0.83,ddos
1000,112.6,10,3,691.69,0.03,0.79,ddos
1859,340.2,8,4,503.93,0.07,1.26,ddos
1404,558.17,21,4,1113.17,0.05,2.01,ddos
881,501.13,14,1,1200.16,0.01,0.69,ddos
971,281.05,17,2,1053.83,0.01,1.66,ddos
658,235.97,11,1,961.35,0.06,0.91,ddos
2180,221.72,3,2,690.77,0.03,1.79,ddos
2318,91.28,16,2,1022.09,0.05,1.68,ddos
672,322.83,20,4,987.05,0.05,1.94,ddos
709,147.03,6,3,1621.09,0.05,1.98,ddos
3158,567.52,2,3,1426.15,0.03,1.03,ddos
2600,403.28,13,3,550.19,0.06,1.76,ddos
897,279.41,2,5,1355.04,0.03,0.74,ddos
863,295.83,7,1,932.72,0.05,1.91,ddos
1416,66.68,17,3,1023.34,0.05,0.89,ddos
2715,281.9,1,2,688.41,0.07,0.85,ddos
1595,450.59,11,3,501.98,0.05,0.74,ddos
2529,299.01,5,4,977.0,0.05,1.85,ddos
24,560.39,3,4,1144.27,0.07,1.54,ddos
3002,474.54,10,1,1015.94,0.01,0.95,ddos
1931,356.04,1,2,1570.71,0.03,2.09,ddos
0,420.34,8,4,1614.14,0.02,0.87,ddos
2264,321.91,10,3,706.73,0.03,2.04,ddos
1224,157.66,7,3,1189.46,0.04,1.78,ddos
2131,381.9,13,3,364.85,0.0,0.43,ddos
991,394.72,4,3,1632.25,0.1,0.97,ddos
716,138.58,2,5,1031.25,0.02,1.63,ddos
2384,465.78,5,1,1278.57,0.04,1.11,ddos
1650,287.81,4,2,1026.72,0.04,1.9,ddos
390,230.3,18,3,1285.22,0.03,0.86,ddos
753,167.83,11,1,1534.18,0.07,1.72,ddos
2388,349.18,8,2,1299.18,0.05,0.78,ddos
1622,375.09,17,3,1259.76,0.04,1.86,ddos
874,143.56,14,4,928.13,0.03,0.56,ddos
3412,229.47,13,3,1437.62,0.09,1.39,ddos
2341,308.83,3,3,1301.2,0.05,0.55,ddos
1077,449.78,8,4,881.22,0.07,1.13,ddos
343,447.82,4,1,775.18,0.09,0.6,ddos
530,374.03,17,3,835.92,0.06,0.52,ddos
570,388.81,7,1,1139.81,0.05,0.37,ddos
1148,215.37,5,2,1285.99,0.03,0.56,ddos
629,243.91,0,4,1311.82,0.09,0.73,ddos
3290,182.69,6,3,1483.72,0.02,0.79,ddos
0,88.14,3,4,703.29,0.08,1.19,ddos
928,27.97,18,3,747.45,0.06,1.85,ddos
2423,487.97,0,2,1275.78,0.09,0.93,ddos
1326,281.82,17,3,1081.59,0.03,1.15,ddos
2846,140.82,11,2,788.97,0.01,1.01,ddos
2469,74.79,1,3,618.09,0.04,1.49,ddos
3273,138.92,15,3,602.06,0.06,0.69,ddos
568,261.54,1,4,666.39,0.09,0.49,ddos
2189,174.29,0,1,630.66,0.01,0.92,ddos
2014,66.35,13,2,1079.54,0.11,1.11,ddos
873,287.83,0,1,681.98,0.0,0.78,ddos
1659,435.39,2,1,1119.94,0.09,1.21,ddos
2190,286.09,16,3,1234.39,0.03,1.19,ddos
377,257.97,2,2,791.95,0.0,1.1,ddos
2440,436.45,2,2,1248.53,0.04,1.82,ddos
2218,360.07,8,2,1177.03,0.1,1.2,ddos
1459,331.54,7,2,1385.74,0.03,1.74,ddos
1902,169.12,3,3,739.12,0.08,1.82,ddos
759,489.59,20,4,1254.52,0.01,1.22,ddos
731,383.31,5,1,1146.86,0.1,1.66,ddos
0,272.7,3,4,553.79,0.05,1.07,ddos
1855,371.49,11,2,1289.05,0.07,0.69,ddos
2418,213.64,2,1,813.47,0.05,1.16,ddos
1087,433.38,14,4,1388.89,0.09,0.74,ddos
1333,134.53,12,3,997.14,0.04,1.8,ddos
356,366.52,18,3,1170.55,0.03,0.7,ddos
2051,287.53,7,1,475.76,0.07,0.5,ddos
1373,222.53,9,3,636.46,0.02,1.92,ddos
2657,147.59,17,4,953.69,0.07,0.79,ddos
1332,54.4,17,3,1554.65,0.04,1.48,ddos
2309,233.5,3,4,1081.34,0.07,0.61,ddos
965,147.75,10,3,738.84,0.1,1.88,ddos
2542,379.57,8,2,698.97,0.09,0.73,ddos
0,212.45,0,1,1105.15,0.07,1.44,ddos
2166,356.87,0,2,1050.6,0.03,2.1,ddos
2064,251.22,5,4,741.45,0.06,0.82,ddos
0,273.99,9,2,993.35,0.09,0.98,ddos
2324,484.55,17,3,1336.87,0.06,0.84,ddos
1649,35.28,4,3,958.53,0.09,1.03,ddos
1048,318.34,11,4,1187.65,0.07,1.06,ddos
142,189.23,13,4,1087.86,0.01,0.91,ddos
1248,395.15,7,1,1483.76,0.07,1.28,ddos
3097,175.89,11,1,1240.0,0.07,1.63,ddos
0,393.57,3,1,839.3,0.03,1.78,ddos
1061,149.25,9,3,1247.51,0.09,1.71,ddos
1752,171.22,2,3,1525.09,0.1,1.01,ddos
1139,272.28,7,1,1324.67,0.05,0.88,ddos
329,38.82,15,1,915.98,0.06,0.89,ddos
2544,366.81,6,1,1475.48,0.05,1.47,ddos
2836,27.41,5,2,939.98,0.08,1.17,ddos
2133,143.97,2,4,649.65,0.01,0.92,ddos
599,238.03,1,2,985.42,0.03,1.51,ddos
511,477.47,4,2,954.25,0.09,1.39,ddos
2201,266.97,5,1,402.1,0.06,1.73,ddos
2527,163.68,0,3,1455.59,0.05,1.33,ddos
1003,219.53,0,5,766.69,0.07,1.28,ddos
969,35.25,14,2,779.09,0.06,1.06,ddos
1468,156.67,12,1,1338.55,0.03,1.36,ddos
1990,415.8,7,4,1432.08,0.03,0.47,ddos
1505,513.81,18,2,1229.49,0.01,1.48,ddos
331,73.73,2,1,1320.98,0.04,1.13,ddos
2210,133.63,11,1,926.97,0.09,0.92,ddos
2068,257.74,6,3,1063.97,0.08,1.3,ddos
476,415.97,8,1,1381.77,0.06,1.0,ddos
2961,266.54,8,1,644.99,0.09,1.38,ddos
2331,92.22,12,2,1102.61,0.05,1.38,ddos
1948,123.72,12,4,1385.09,0.0,1.69,ddos
2387,298.62,22,4,657.02,0.04,1.38,ddos
2718,388.68,0,4,574.96,0.09,0.74,ddos
0,354.97,2,3,975.41,0.09,1.55,ddos
476,463.66,13,2,940.92,0.07,2.13,ddos
729,263.13,8,1,558.03,0.09,1.26,ddos
838,250.81,18,4,1530.19,0.02,0.86,ddos
426,246.36,14,2,1184.25,0.08,1.37,ddos
830,481.9,15,3,635.6,0.07,0.6,ddos
308,517.25,11,4,1273.94,0.06,0.65,ddos
1202,333.47,4,2,923.78,0.03,1.15,ddos
1238,387.35,16,3,1423.82,0.08,1.16,ddos
94,101.35,11,4,839.71,0.08,1.81,ddos
1928,228.23,7,4,1010.24,0.05,1.02,ddos
2666,340.33,5,2,1094.26,0.1,0.5,ddos
1013,99.97,5,3,526.26,0.07,1.79,ddos
856,490.26,13,1,882.2,0.09,0.64,ddos
572,144.54,13,3,542.19,0.01,1.38,ddos
3257,527.73,17,3,1358.17,0.02,1.33,ddos
1589,490.48,13,2,1483.3,0.02,0.93,ddos
1508,147.5,7,4,908.49,0.1,1.46,ddos
1739,119.23,4,2,1491.18,0.01,2.07,ddos
1596,392.9,3,3,1445.43,0.03,0.7,ddos
744,511.53,13,4,1332.81,0.03,1.0,ddos
188,38.54,5,4,1246.45,0.06,1.57,ddos
2105,275.24,12,4,1720.5,0.06,1.12,ddos
1729,81.25,3,2,821.21,0.06,0.64,ddos
1974,145.76,17,3,1306.45,0.04,1.23,ddos
2535,304.24,16,2,1604.59,0.04,0.51,ddos
444,78.21,11,4,650.77,0.01,2.16,ddos
1278,245.56,10,3,803.89,0.04,1.22,ddos
585,228.9,1,4,697.8,0.08,0.92,ddos
1613,306.95,13,2,1094.21,0.11,1.3,ddos
2666,346.5,5,4,1151.34,0.04,1.32,ddos
989,33.55,6,2,1191.37,0.05,1.43,ddos
1835,218.17,4,4,1224.31,0.03,1.12,ddos
957,163.26,9,3,1255.68,0.1,1.94,ddos
1623,177.96,10,3,804.29,0.07,1.45,ddos
2015,426.86,0,2,1378.52,0.04,1.2,ddos
1708,249.91,9,1,1366.17,0.05,1.43,ddos
1553,307.15,2,3,844.66,0.08,0.77,ddos
770,165.14,6,1,1049.93,0.05,1.11,ddos
1068,353.67,6,2,901.4,0.05,1.36,ddos
1165,187.64,10,3,1075.1,0.02,1.66,ddos
527,107.37,2,2,954.53,0.06,1.98,ddos
2385,494.62,6,4,1367.56,0.09,1.15,ddos
1838,337.8,5,3,549.86,0.05,2.14,ddos
2452,98.35,5,1,1208.13,0.03,0.9,ddos
843,193.15,15,3,1122.03,0.08,2.08,ddos
734,335.02,2,3,934.81,0.01,2.06,ddos
428,258.77,3,3,844.91,0.05,1.44,ddos
1925,352.14,4,2,1369.75,0.1,1.31,ddos
143,397.09,12,2,666.89,0.09,1.45,ddos
3290,439.69,1,3,841.44,0.05,2.11,ddos
1641,438.15,9,1,531.04,0.05,0.71,ddos
87,248.47,16,2,1441.32,0.08,0.48,ddos
936,0.0,7,2,1458.25,0.05,1.9,ddos
1776,412.89,15,3,788.26,0.06,1.29,ddos
18,303.72,0,2,1285.52,0.1,1.07,ddos
1232,480.89,7,1,906.28,0.0,1.75,ddos
1234,135.31,0,4,503.78,0.07,1.53,ddos
2220,495.04,14,2,1562.06,0.0,1.23,ddos
676,189.7,17,4,1218.59,0.07,1.61,ddos
1139,321.9,0,4,617.14,0.0,1.35,ddos
604,465.42,14,3,1299.7,0.07,1.29,ddos
2645,406.74,7,1,1088.25,0.04,1.67,ddos
590,174.66,3,2,951.09,0.02,1.32,ddos
603,155.69,16,4,1104.28,0.02,1.22,ddos
2668,107.99,0,4,583.23,0.04,1.98,ddos
1442,132.02,1,1,1092.78,0.03,1.39,ddos
3339,225.66,3,1,887.33,0.05,1.45,ddos
2769,386.74,12,1,530.52,0.1,0.87,ddos
948,221.5,16,1,1021.15,0.02,1.46,ddos
1526,313.22,16,1,625.21,0.06,0.98,ddos
3231,404.13,5,1,1194.81,0.07,1.42,ddos
2127,203.08,10,2,765.94,0.08,1.14,ddos
1584,154.16,9,4,908.77,0.11,0.7,ddos
1949,169.92,7,4,934.03,0.04,1.5,ddos
2554,483.74,17,3,1206.04,0.09,0.86,ddos
2595,444.01,15,2,630.74,0.06,0.57,ddos
2509,246.34,0,4,1203.57,0.05,1.41,ddos
1583,350.18,20,1,806.85,0.04,0.88,ddos
1993,381.77,15,2,718.76,0.02,1.23,ddos
2467,82.06,12,2,1252.51,0.11,1.1,ddos
1005,194.3,5,1,924.54,0.08,1.83,ddos
1773,205.67,5,1,1454.2,0.04,1.01,ddos
2661,258.53,16,4,1219.18,0.07,1.0,ddos
2810,483.02,13,2,1013.45,0.06,0.51,ddos
1830,116.4,15,1,1439.93,0.03,0.64,ddos
1232,278.39,6,2,1065.74,0.07,1.77,ddos
1007,376.95,17,4,554.01,0.12,2.18,ddos
1233,75.26,15,4,1379.98,0.06,1.48,ddos
1842,355.67,11,4,929.94,0.09,0.8,ddos
2650,431.66,10,1,915.01,0.04,0.62,ddos
457,175.6,5,1,1259.54,0.09,2.14,ddos
1533,293.05,11,2,1201.67,0.04,1.77,ddos
1149,149.18,16,1,894.99,0.1,0.64,ddos
1707,434.16,21,4,988.62,0.0,2.1,ddos
1797,413.94,13,2,886.77,0.02,1.31,ddos
2005,499.41,9,1,1319.86,0.03,2.06,ddos
1560,231.96,19,4,1323.08,0.07,1.73,ddos
2251,255.32,16,3,1407.75,0.09,0.68,ddos
1021,259.1,0,3,1157.29,0.04,0.63,ddos
734,371.59,0,1,1199.12,0.04,0.93,ddos
2465,497.34,14,3,1331.76,0.06,1.2,ddos
1836,329.73,11,2,936.77,0.09,1.14,ddos
772,85.15,15,4,755.22,0.05,1.64,ddos
2217,57.26,17,3,1265.08,0.04,1.82,ddos
664,444.75,14,1,689.57,0.08,2.01,ddos
0,127.17,13,4,1159.71,0.01,1.64,ddos
364,436.92,7,3,727.44,0.03,0.97,ddos
587,492.76,2,2,625.43,0.05,2.2,ddos
1412,210.07,17,4,887.08,0.09,1.79,ddos
1598,283.5,14,3,1329.95,0.08,2.0,ddos
1956,470.36,9,4,1307.26,0.02,1.76,ddos
746,467.34,12,4,1006.89,0.03,1.51,ddos
512,251.6,3,4,874.41,0.1,1.24,ddos
37,434.05,1,3,1067.74,0.07,1.03,ddos
2340,454.68,11,4,927.89,0.07,1.62,ddos
2760,145.69,18,3,1312.53,0.12,1.27,ddos
725,236.53,15,1,1373.91,0.05,1.01,ddos
1857,64.78,6,2,443.71,0.1,0.59,ddos
257,265.47,2,4,1228.96,0.01,2.29,ddos
435,61.08,1,2,1179.86,0.08,1.72,ddos
1899,260.99,9,2,1119.06,0.06,1.19,ddos
2827,35.13,9,1,1040.43,0.08,1.57,ddos
1667,383.91,7,3,471.65,0.05,0.94,ddos
1676,0.0,8,3,1322.8,0.08,1.94,ddos
707,242.7,15,4,609.72,0.08,0.49,ddos
1762,402.73,4,1,1064.32,0.08,0.99,ddos
97,499.58,9,4,1465.53,0.01,1.48,ddos
854,493.63,16,4,799.03,0.09,1.38,ddos
1283,512.47,6,1,586.24,0.06,1.65,ddos
1697,475.45,12,2,1311.18,0.04,0.81,ddos
2858,293.76,5,1,864.1,0.02,1.37,ddos
360,104.9,4,4,1204.96,0.04,1.73,ddos
2240,121.98,3,3,681.13,0.03,1.17,ddos
1336,255.35,11,2,1419.75,0.04,0.83,ddos
2196,142.75,19,3,1521.43,0.02,0.65,ddos
2003,398.56,10,1,1077.05,0.06,0.97,ddos
1708,404.31,9,2,1439.64,0.02,1.61,ddos
263,129.9,14,2,1139.97,0.06,1.95,ddos
1928,474.37,0,4,1439.73,0.07,1.44,ddos
1362,229.64,15,1,743.24,0.08,1.42,ddos
775,248.39,8,1,742.93,0.03,1.64,ddos
2130,109.99,6,1,1068.27,0.08,0.99,ddos
1334,317.8,13,2,1288.08,0.07,2.15,ddos
2540,472.19,10,3,1483.22,0.08,1.52,ddos
41,262.68,8,2,615.32,0.1,1.49,ddos
1844,343.48,4,2,1202.44,0.07,1.16,ddos
2230,362.91,15,1,1264.06,0.06,1.53,ddos
337,446.72,13,2,1022.3,0.02,0.94,ddos
298,102.6,11,2,1286.0,0.04,0.66,ddos
1242,388.25,0,2,1183.37,0.0,1.2,ddos
1038,415.22,8,3,716.5,0.04,0.89,ddos
2300,462.44,16,3,1026.91,0.04,1.58,ddos
1583,513.8,6,3,1273.65,0.07,0.69,ddos
1042,11.29,0,4,1254.77,0.03,1.55,ddos
3196,69.42,16,1,1446.89,0.03,0.7,ddos
702,416.08,16,4,748.51,0.01,0.44,ddos
1658,174.11,21,4,568.09,0.06,1.16,ddos
2134,358.55,20,3,996.92,0.04,1.05,ddos
1194,427.37,5,4,1234.12,0.06,1.37,ddos
1849,90.06,12,3,1380.91,0.09,1.86,ddos
1188,139.98,0,1,1015.18,0.04,1.0,ddos
1555,194.47,4,3,1721.15,0.09,0.85,ddos
152,269.53,3,2,680.53,0.08,2.01,ddos
1531,451.9,13,1,620.74,0.01,1.25,ddos
1249,373.38,3,1,1362.37,0.07,0.9,ddos
2974,239.68,1,1,1458.12,0.09,1.68,ddos
2106,35.68,11,2,873.74,0.02,0.57,ddos
1195,298.56,8,1,1603.41,0.03,1.16,ddos
2566,340.07,10,1,1076.53,0.06,0.89,ddos
829,463.74,16,3,1018.67,0.08,1.12,ddos
1449,403.84,13,1,1047.82,0.01,1.16,ddos
878,596.33,10,1,1468.64,0.03,1.22,ddos
2549,392.44,11,1,1131.52,0.09,2.02,ddos
401,188.38,13,2,1294.03,0.09,1.28,ddos
413,221.75,2,2,1321.29,0.04,1.61,ddos
1343,455.69,7,2,1115.66,0.05,1.22,ddos
952,113.75,8,4,830.64,0.08,0.59,ddos
974,257.0,1,2,1494.52,0.08,2.11,ddos
2405,259.7,15,3,833.13,0.1,1.68,ddos
925,35.67,15,4,856.68,0.02,1.41,ddos
1429,132.49,11,2,1295.57,0.01,1.47,ddos
160,410.95,4,4,1004.6,0.04,1.64,ddos
2266,195.39,8,2,1058.14,0.09,1.34,ddos
2780,489.07,6,2,1168.43,0.04,0.5,ddos
2568,347.65,11,3,914.19,0.06,1.53,ddos
715,184.79,17,2,1529.97,0.07,1.33,ddos
1814,473.58,15,2,1342.52,0.07,1.45,ddos
870,199.12,16,1,1021.68,0.03,1.03,ddos
757,146.12,11,2,905.82,0.05,0.66,ddos
2945,149.34,16,3,810.95,0.08,0.6,ddos
2077,149.36,16,3,785.42,0.06,0.32,ddos
550,191.0,6,0,1533.86,0.08,1.41,ddos
1513,579.79,13,1,1246.94,0.01,2.03,ddos
1701,112.46,15,4,1317.42,0.05,0.67,ddos
1467,497.04,5,1,795.65,0.09,2.07,ddos
397,420.32,16,4,1279.16,0.06,1.87,ddos
1911,460.11,18,2,1047.67,0.05,0.85,ddos
1579,234.74,12,1,1417.76,0.02,1.74,ddos
2263,198.07,8,4,1021.5,0.04,0.79,ddos
407,453.87,8,2,1005.17,0.06,1.3,ddos
3080,134.96,0,1,393.25,0.07,1.44,ddos
848,544.0,19,1,755.28,0.05,1.41,ddos
852,444.91,16,2,1106.21,0.02,0.91,ddos
1379,283.7,11,3,719.3,0.06,1.43,ddos
1537,405.69,15,3,759.77,0.09,1.22,ddos
1447,337.13,13,4,1323.2,0.01,1.72,ddos
556,437.91,19,3,1078.69,0.08,1.24,ddos
834,188.38,13,3,1294.31,0.07,0.6,ddos
1906,279.32,2,4,513.62,0.05,1.43,ddos
2882,129.8,11,4,1227.06,0.05,1.45,ddos
2452,354.03,16,1,1269.2,0.07,1.38,ddos
1170,516.48,8,4,1469.98,0.08,1.43,ddos
331,409.51,19,3,608.96,0.03,0.21,ddos
1666,97.96,8,3,642.4,0.06,1.15,ddos
530,392.47,6,3,1078.45,0.07,1.18,ddos
1456,338.56,9,3,911.62,0.02,1.46,ddos
436,162.27,5,1,821.7,0.05,0.6,ddos
2813,396.62,0,3,530.3,0.09,0.61,ddos
1980,161.84,5,2,774.15,0.04,0.78,ddos
1385,504.36,3,4,1399.37,0.01,1.8,ddos
2227,359.5,11,1,798.43,0.06,1.03,ddos
2973,154.84,4,4,1150.52,0.08,0.43,ddos
1884,348.72,14,4,673.09,0.01,1.0,ddos
778,278.11,12,3,711.89,0.0,0.42,ddos
916,312.46,13,5,843.15,0.07,0.43,ddos
2003,193.18,6,3,577.03,0.07,0.49,ddos
621,420.18,14,1,1005.38,0.04,1.75,ddos
809,90.67,7,3,961.36,0.02,1.73,ddos
1359,135.23,2,4,527.57,0.04,0.98,ddos
1944,220.82,13,4,1366.94,0.1,1.04,ddos
1671,82.6,1,3,587.45,0.05,0.75,ddos
980,354.17,1,3,1072.67,0.07,1.15,ddos
2333,5.82,1,3,1394.97,0.02,1.64,ddos
637,442.33,4,1,1270.37,0.03,1.57,ddos
2053,103.91,6,1,682.59,0.02,1.11,ddos
2578,399.34,12,4,396.08,0.06,0.97,ddos
1253,222.06,6,4,1422.2,0.01,1.67,ddos
734,65.2,17,4,963.29,0.04,0.96,ddos
784,116.56,13,4,1261.95,0.07,1.39,ddos
3276,373.16,2,1,854.11,0.09,1.15,ddos
467,290.13,14,1,1372.67,0.08,0.45,ddos
2719,239.08,4,3,1031.42,0.03,0.82,ddos
2719,156.03,16,0,763.0,0.03,0.79,ddos
91,249.78,12,1,1337.52,0.09,1.06,ddos
2627,337.65,7,1,987.8,0.03,0.98,ddos
2615,87.01,2,1,983.72,0.02,1.79,ddos
727,350.11,15,2,1410.69,0.06,1.53,ddos
1209,533.0,0,1,1162.46,0.07,2.06,ddos
1814,376.7,18,1,698.55,0.08,0.9,ddos
1105,244.89,12,2,1324.85,0.06,0.68,ddos
1733,415.74,8,2,919.61,0.02,0.76,ddos
3176,0.0,0,3,818.51,0.05,1.67,ddos
32,95.36,2,1,599.92,0.1,0.99,ddos
1956,263.76,11,4,762.72,0.08,0.52,ddos
0,318.65,9,1,785.12,0.02,1.31,ddos
3013,297.15,4,3,1348.02,0.06,0.66,ddos
2362,353.76,9,1,1454.34,0.02,1.06,ddos
378,384.35,16,2,859.79,0.1,1.11,ddos
1561,23.85,6,1,1445.37,0.1,1.33,ddos
1660,441.95,12,3,509.15,0.05,1.86,ddos
919,0.0,4,3,1252.87,0.05,1.1,ddos
1276,208.8,0,5,526.23,0.08,0.81,ddos
1570,141.29,5,4,637.09,0.05,1.08,ddos
2085,547.41,2,1,769.34,0.03,1.79,ddos
2062,230.67,0,4,1129.87,0.05,1.37,ddos
2228,169.45,0,1,1115.07,0.05,0.62,ddos
578,442.37,16,3,746.74,0.06,1.14,ddos
526,32.62,15,3,1408.85,0.09,1.18,ddos
2738,309.12,8,3,1235.31,0.03,1.59,ddos
416,100.4,1,4,1240.37,0.05,1.9,ddos
0,324.72,10,1,992.85,0.05,0.91,ddos
2647,187.92,9,4,1256.0,0.08,1.33,ddos
1909,334.31,4,4,1349.43,0.06,2.07,ddos
1237,507.57,3,1,675.73,0.04,1.23,ddos
757,311.44,12,4,794.58,0.03,1.83,ddos
2804,104.96,19,3,721.95,0.03,0.56,ddos
3007,195.81,7,3,716.12,0.03,1.44,ddos
612,68.42,6,1,1170.48,0.02,0.69,ddos
1061,136.3,18,3,945.77,0.02,1.73,ddos
2861,512.27,17,4,905.7,0.04,0.63,ddos
20,170.01,7,2,855.24,0.08,2.25,ddos
3140,362.49,4,5,647.12,0.08,0.5,ddos
1753,359.93,11,5,1478.57,0.03,2.31,ddos
1141,338.41,18,3,964.45,0.02,1.98,ddos
2663,286.4,16,2,546.24,0.07,1.03,ddos
3147,196.0,13,3,877.76,0.01,0.68,ddos
1637,170.7,12,1,1211.19,0.05,1.44,ddos
921,410.57,2,2,1378.24,0.06,1.39,ddos
3055,478.36,18,2,572.51,0.08,1.22,ddos
2024,47.11,11,3,1066.41,0.02,0.56,ddos
103,304.1,1,3,893.23,0.07,1.8,ddos
1914,379.51,16,4,1579.72,0.02,1.35,ddos
2053,204.07,3,2,1112.19,0.09,1.04,ddos
1424,252.64,18,0,1564.17,0.09,0.71,ddos
176,294.78,19,1,689.75,0.08,0.69,ddos
1901,235.15,15,2,483.41,0.04,0.65,ddos
2510,516.76,3,1,1122.26,0.09,0.37,ddos
1176,427.05,10,1,958.79,0.01,1.15,ddos
2867,351.96,14,1,601.31,0.08,1.79,ddos
1210,354.66,12,4,1194.26,0.03,0.89,ddos
2831,446.4,11,1,581.3,0.08,0.85,ddos
2042,219.73,5,3,716.14,0.04,1.58,ddos
1279,46.05,16,2,1087.91,0.06,1.75,ddos
1601,207.54,1,4,900.92,0.07,1.65,ddos
789,425.41,11,3,683.7,0.02,1.55,ddos
137,393.07,7,1,1403.69,0.08,1.47,ddos
491,322.15,10,4,1073.97,0.1,0.53,ddos
1424,285.68,12,2,1302.51,0.06,1.55,ddos
2210,253.55,6,2,669.4,0.05,1.34,ddos
928,152.23,10,4,763.66,0.08,0.66,ddos
815,205.28,16,4,889.26,0.02,1.15,ddos
2456,308.31,3,1,1347.3,0.07,1.53,ddos
1377,241.45,13,1,678.5,0.06,0.9,ddos
1057,520.8,6,4,726.94,0.06,1.14,ddos
2162,118.6,3,2,1129.87,0.08,0.94,ddos
778,314.23,5,1,792.73,0.02,1.5,ddos
1299,419.77,4,1,660.2,0.02,1.82,ddos
0,557.52,10,2,1077.43,0.04,0.51,ddos
1749,539.38,18,1,640.95,0.09,0.6,ddos
0,424.37,12,4,1134.43,0.04,0.7,ddos
983,100.57,4,1,677.01,0.09,0.81,ddos
1730,368.58,6,0,616.6,0.04,0.91,ddos
5,0.0,4,4,1312.04,0.1,0.84,ddos
855,457.72,14,3,958.62,0.03,0.66,ddos
574,229.19,12,4,876.83,0.08,1.45,ddos
2170,147.38,12,4,1337.46,0.09,0.66,ddos
669,108.65,21,2,1284.32,0.09,1.02,ddos
2053,163.67,6,2,1168.53,0.06,1.61,ddos
479,493.48,9,1,1218.31,0.02,0.67,ddos
1115,528.53,2,1,761.39,0.05,0.96,ddos
2439,177.14,12,1,1130.65,0.05,1.35,ddos
1382,366.62,3,2,1280.85,0.06,1.64,ddos
1931,268.31,2,2,778.16,0.06,0.96,ddos
2063,312.31,5,1,564.99,0.05,0.48,ddos
845,211.13,18,2,933.37,0.06,0.75,ddos
1903,156.84,11,3,1019.74,0.06,1.45,ddos
2561,182.18,14,1,1287.68,0.05,1.53,ddos
1202,185.32,12,5,1104.28,0.01,1.71,ddos
652,70.72,4,3,590.14,0.01,1.68,ddos
1528,524.38,16,2,1060.09,0.02,1.42,ddos
1296,264.21,17,3,977.5,0.09,0.61,ddos
1306,318.54,17,2,997.6,0.07,0.82,ddos
62,306.76,16,4,599.54,0.03,0.62,ddos
523,123.56,14,4,1393.69,0.01,2.0,ddos
1125,178.72,9,1,1322.04,0.04,0.87,ddos
454,430.85,18,4,831.95,0.08,0.69,ddos
2892,372.3,0,1,1170.24,0.04,0.6,ddos
2347,364.92,0,2,851.98,0.05,0.44,ddos
848,74.94,1,2,844.26,0.01,0.78,ddos
2565,393.85,3,4,451.68,0.05,2.0,ddos
1662,166.6,18,2,1083.6,0.04,0.66,ddos
1358,257.13,7,4,807.01,0.05,1.48,ddos
1053,185.55,4,1,989.0,0.1,2.06,ddos
1159,434.65,12,4,1401.71,0.08,0.6,ddos
842,292.89,5,4,1170.94,0.03,0.15,ddos
3164,432.62,10,4,1121.33,0.1,1.62,ddos
2365,251.55,14,3,1530.1,0.08,0.66,ddos
1203,514.62,11,3,966.5,0.02,0.72,ddos
1677,450.98,6,4,1390.7,0.09,0.78,ddos
1292,0.0,10,3,980.12,0.05,2.06,ddos
2617,317.46,3,3,1246.67,0.1,1.07,ddos
1286,437.46,6,1,1064.69,0.02,0.51,ddos
2569,287.27,17,1,1052.3,0.06,1.68,ddos
1123,119.09,17,1,734.76,0.07,0.81,ddos
996,169.01,12,2,1539.73,0.1,1.5,ddos
2987,317.81,19,1,1182.99,0.02,0.5,ddos
2557,172.2,1,1,1339.69,0.04,1.29,ddos
1711,398.1,11,3,650.0,0.05,1.62,ddos
916,199.75,15,2,536.65,0.03,1.54,ddos
3367,326.42,15,2,1341.63,0.07,1.31,ddos
2124,198.69,10,4,958.33,0.08,1.03,ddos
1783,368.8,14,4,1133.61,0.06,1.91,ddos
334,255.18,15,4,943.37,0.02,1.45,ddos
3201,159.71,12,4,914.67,0.11,1.17,ddos
2203,244.31,0,1,1207.98,0.09,1.9,ddos
2188,143.09,7,1,1252.96,0.07,0.55,ddos
2530,181.47,13,2,1004.66,0.09,1.67,ddos
2995,276.24,17,4,1056.39,0.09,1.46,ddos
566,231.06,8,2,1241.28,0.09,1.34,ddos
526,218.1,17,1,1199.1,0.07,0.79,ddos
3118,491.41,11,4,1297.09,0.08,0.68,ddos
1285,519.15,8,3,1115.3,0.01,0.86,ddos
1622,322.19,1,4,658.96,0.1,1.31,ddos
620,271.83,0,2,1316.52,0.02,0.66,ddos
813,0.0,6,2,511.37,0.04,1.22,ddos
3145,307.8,14,1,543.99,0.02,1.91,ddos
2378,591.72,0,4,872.91,0.09,1.5,ddos
2805,335.86,14,1,1022.05,0.06,1.55,ddos
598,72.76,1,2,1133.52,0.03,1.69,ddos
1160,236.17,16,1,453.82,0.02,0.91,ddos
2554,130.08,1,4,653.78,0.02,1.06,ddos
940,195.37,18,2,952.58,0.08,1.16,ddos
951,411.8,2,1,753.01,0.02,1.48,ddos
486,551.81,6,4,1123.82,0.07,1.03,ddos
1308,21.48,4,3,752.07,0.02,1.36,ddos
2577,65.09,8,2,1158.4,0.03,0.71,ddos
545,267.06,3,1,1538.38,0.05,1.61,ddos
3210,346.14,3,1,893.37,0.03,1.83,ddos
2029,48.21,4,3,913.35,0.02,1.28,ddos
692,238.2,4,2,875.77,0.05,1.66,ddos
3474,194.97,6,2,656.91,0.09,1.66,ddos
842,273.33,3,4,1713.88,0.02,1.51,ddos
603,545.28,4,3,1140.22,0.04,0.99,ddos
3114,425.99,5,1,540.0,0.08,0.31,ddos
1598,335.67,3,3,1000.27,0.02,0.61,ddos
1579,376.9,4,1,1448.93,0.05,1.85,ddos
876,162.95,17,2,837.58,0.02,1.35,ddos
625,22.0,5,3,1329.28,0.01,1.01,ddos
1260,393.17,4,2,1310.86,0.08,1.31,ddos
2943,224.51,9,1,1388.77,0.08,0.59,ddos
1460,348.58,15,3,1572.06,0.08,1.78,ddos
2939,348.72,10,3,678.26,0.08,1.51,ddos
1738,319.07,4,3,1080.11,0.03,0.81,ddos
1780,315.92,3,1,932.99,0.05,1.7,ddos
299,290.41,1,1,630.14,0.04,1.2,ddos
2339,518.15,14,1,1115.16,0.02,1.88,ddos
2935,157.76,15,3,1027.42,0.04,1.94,ddos
2006,334.86,8,2,1000.27,0.07,1.79,ddos
1981,259.52,2,1,1034.98,0.05,0.88,ddos
2594,436.84,7,1,948.62,0.04,0.9,ddos
475,350.45,6,1,900.64,0.0,1.49,ddos
3527,368.78,3,2,1610.62,0.09,0.41,ddos
2435,123.81,5,2,799.37,0.07,1.74,ddos
1932,431.4,3,2,1173.93,0.05,1.58,ddos
1734,571.15,11,2,1205.92,0.05,1.59,ddos
1560,362.14,8,2,1069.3,0.08,1.45,ddos
1714,84.1,5,4,650.99,0.05,1.86,ddos
1813,598.56,7,3,747.61,0.04,1.07,ddos
324,287.51,14,1,395.28,0.02,1.54,ddos
1847,376.89,13,1,708.96,0.03,0.92,ddos
396,309.27,16,2,1178.6,0.09,1.19,ddos
1271,159.81,15,1,1289.28,0.05,0.51,ddos
2259,275.35,5,4,1185.85,0.04,1.53,ddos
1792,270.24,13,1,922.59,0.07,1.19,ddos
2657,396.26,11,3,1257.66,0.09,2.28,ddos
1913,87.5,10,3,814.42,0.06,1.13,ddos
247,91.08,13,4,783.45,0.1,1.92,ddos
407,14.05,7,3,1261.67,0.05,1.71,ddos
1102,115.88,13,3,1035.13,0.03,1.47,ddos
3343,230.28,4,2,1413.78,0.03,1.2,ddos
2667,191.43,5,1,715.61,0.08,1.48,ddos
412,91.54,5,2,662.39,0.08,0.82,ddos
0,54.54,6,2,663.78,0.01,0.96,ddos
2980,197.8,20,4,1143.07,0.05,1.45,ddos
1216,148.9,8,4,1378.37,0.02,1.56,ddos
1954,245.59,6,0,746.07,0.07,2.02,ddos
1759,415.3,10,4,1656.29,0.07,1.03,ddos
511,0.0,5,2,1033.68,0.08,1.29,ddos
732,416.26,17,3,893.16,0.03,1.69,ddos
1120,40.47,11,2,640.95,0.07,0.38,ddos
2409,0.0,0,1,567.42,0.02,1.18,ddos
1848,536.11,2,3,588.71,0.06,1.43,ddos
2780,279.94,7,4,764.02,0.01,1.87,ddos
1771,246.06,10,2,1542.23,0.1,0.79,ddos
1917,385.51,7,4,1281.64,0.04,0.75,ddos
2798,144.65,8,1,1698.83,0.06,1.6,ddos
2718,260.77,6,3,1270.24,0.06,0.63,ddos
883,274.9,12,1,580.99,0.08,1.51,ddos
2439,61.39,9,3,958.84,0.04,0.45,ddos
0,311.87,10,2,1470.04,0.07,1.41,ddos
2752,159.25,4,2,822.54,0.08,1.36,ddos
1199,412.94,2,3,713.53,0.05,1.11,ddos
335,306.34,3,3,1451.63,0.09,1.33,ddos
2491,249.41,16,4,655.8,0.05,0.66,ddos
947,90.25,3,3,932.99,0.02,1.28,ddos
2492,528.1,15,3,978.82,0.1,1.28,ddos
1715,429.12,21,3,1181.13,0.07,1.6,ddos
1925,208.87,5,2,1139.6,0.01,1.95,ddos
1528,64.81,14,4,573.02,0.1,1.65,ddos
1002,132.3,15,2,571.8,0.07,0.99,ddos
1913,281.06,15,2,1324.82,0.04,0.51,ddos
770,215.52,12,4,1037.49,0.06,1.06,ddos
2409,219.39,12,3,524.17,0.08,0.98,ddos
1952,328.11,3,3,750.5,0.07,0.67,ddos
880,115.4,18,2,1015.53,0.07,1.98,ddos
3032,354.68,13,2,1160.57,0.0,0.47,ddos
389,471.8,7,1,815.54,0.0,1.59,ddos
1688,12.32,1,3,1089.83,0.1,1.75,ddos
1644,243.69,4,1,1501.68,0.03,0.97,ddos
452,327.35,14,1,1171.92,0.11,1.85,ddos
2706,105.56,3,4,1215.38,0.02,1.79,ddos
2142,136.68,20,1,1387.43,0.06,1.87,ddos
1724,47.27,14,2,596.64,0.08,1.23,ddos
420,133.82,10,3,1493.84,0.06,1.63,ddos
1052,64.57,15,4,1172.49,0.04,0.56,ddos
988,402.75,6,4,655.99,0.05,0.58,ddos
1673,352.19,19,2,833.76,0.06,0.69,ddos
1480,0.0,16,4,558.69,0.08,1.78,ddos
1120,155.63,14,4,1569.85,0.04,1.42,ddos
2240,44.06,18,2,947.91,0.01,1.3,ddos
2228,448.45,19,4,1588.3,0.04,0.66,ddos
1617,86.47,12,3,741.22,0.06,0.95,ddos
1598,248.63,13,5,1058.48,0.06,0.84,ddos
2262,175.76,18,3,732.89,0.08,2.05,ddos
831,304.34,16,5,1488.29,0.07,0.94,ddos
2296,283.46,0,2,706.8,0.05,0.73,ddos
1763,125.28,12,4,1435.17,0.03,1.11,ddos
2877,94.19,14,5,1072.22,0.03,1.76,ddos
1995,354.37,8,3,1380.45,0.06,1.41,ddos
565,255.63,16,4,1356.85,0.02,1.29,ddos
957,209.46,14,4,907.6,0.0,1.0,ddos
456,481.07,4,3,928.4,0.1,1.86,ddos
764,51.87,8,4,805.27,0.07,1.54,ddos
1077,261.08,2,1,788.51,0.08,1.73,ddos
2605,366.94,7,3,1547.39,0.03,1.18,ddos
1254,336.31,13,2,1124.87,0.05,0.81,ddos
2804,301.42,11,3,1358.28,0.04,0.49,ddos
1519,424.01,4,4,911.13,0.04,1.29,ddos
2862,217.9,13,3,1230.99,0.06,1.69,ddos
2730,364.49,8,1,865.46,0.03,2.07,ddos
549,367.74,5,3,442.79,0.03,0.99,ddos
1299,147.73,4,1,1098.68,0.1,1.79,ddos
369,219.62,19,2,714.68,0.01,1.51,ddos
2171,166.19,10,2,705.1,0.06,0.7,ddos
695,359.82,14,4,1328.65,0.04,0.74,ddos
2670,174.39,0,1,1096.52,0.09,0.45,ddos
108,30.81,18,4,1322.52,0.02,0.96,ddos
1897,143.51,17,1,886.17,0.06,0.57,ddos
3634,311.18,9,3,842.98,0.08,0.9,ddos
863,233.45,12,3,1452.22,0.07,0.98,ddos
439,273.24,0,1,440.84,0.06,1.03,ddos
2933,491.57,10,4,782.54,0.09,1.12,ddos
1626,373.75,15,1,1073.98,0.06,2.02,ddos
1006,327.0,4,2,802.71,0.04,1.43,ddos
763,457.62,10,2,1075.64,0.07,1.13,ddos
668,426.52,8,2,845.75,0.05,1.58,ddos
2771,329.59,9,3,1178.15,0.01,1.34,ddos
1857,356.72,18,3,848.49,0.08,1.77,ddos
735,42.26,13,1,1083.35,0.04,1.59,ddos
3041,57.29,11,2,767.5,0.08,1.1,ddos
2821,470.85,2,3,712.86,0.08,1.01,ddos
1325,413.64,6,3,1468.12,0.08,1.83,ddos
1943,320.86,13,4,562.92,0.02,1.15,ddos
560,484.13,13,4,660.68,0.04,1.78,ddos
918,44.02,6,1,764.08,0.03,0.86,ddos
1564,307.44,10,4,864.25,0.09,1.26,ddos
2572,21.73,18,2,964.51,0.01,1.56,ddos
2953,4.79,9,5,1002.34,0.05,1.73,ddos
2610,462.37,0,4,935.23,0.09,1.1,ddos
2444,67.87,13,4,1088.06,0.06,0.95,ddos
558,240.26,15,3,587.08,0.09,1.58,ddos
1037,302.3,0,3,1594.29,0.0,0.6,ddos
1282,274.9,1,1,926.55,0.06,0.73,ddos
2343,31.92,7,4,1041.6,0.02,1.38,ddos
2586,138.27,1,4,688.85,0.06,0.45,ddos
1273,362.59,18,3,1278.85,0.09,1.51,ddos
1693,223.95,11,3,697.48,0.05,1.15,ddos
608,507.26,11,2,1442.05,0.04,1.67,ddos
1388,381.79,8,3,648.68,0.03,1.76,ddos
1962,172.35,9,1,1387.18,0.03,1.66,ddos
2110,547.43,4,1,974.51,0.09,2.15,ddos
1079,321.52,19,1,501.75,0.11,0.97,ddos
674,485.69,11,4,1389.59,0.03,1.01,ddos
854,474.08,4,1,1378.61,0.06,1.39,ddos
1585,90.04,3,2,933.59,0.09,0.31,ddos
1211,186.7,2,4,570.96,0.02,1.05,ddos
1450,165.8,18,2,488.22,0.1,1.61,ddos
2982,169.41,1,1,1070.64,0.07,1.22,ddos
923,394.52,11,1,1060.8,0.01,0.95,ddos
3275,0.0,6,4,948.26,0.05,1.46,ddos
1036,118.38,0,2,685.35,0.02,0.49,ddos
1445,591.75,9,3,547.65,0.08,0.79,ddos
2075,33.93,0,2,572.98,0.07,1.08,ddos
1811,340.86,13,1,751.3,0.03,0.37,ddos
927,205.85,13,3,1239.09,0.03,1.29,ddos
1431,345.26,3,2,1343.98,0.02,0.72,ddos
106,309.53,10,2,1244.96,0.05,0.74,ddos
1485,91.27,18,1,1644.16,0.07,0.36,ddos
1680,104.87,19,2,819.27,0.03,1.32,ddos
629,522.66,2,1,1359.83,0.08,0.67,ddos
666,435.88,8,4,1267.5,0.05,0.87,ddos
1197,147.88,7,1,724.01,0.06,1.35,ddos
2356,421.57,12,3,753.37,0.03,1.55,ddos
1341,269.25,15,3,793.28,0.03,1.29,ddos
2530,339.19,16,1,443.64,0.03,1.5,ddos
1760,90.41,14,1,484.64,0.08,1.43,ddos
1239,300.16,1,2,624.83,0.08,0.92,ddos
174,135.97,0,3,1475.59,0.05,0.72,ddos
1583,312.86,14,1,1030.06,0.1,1.1,ddos
1954,491.75,14,3,1567.49,0.01,1.91,ddos
1006,390.17,16,4,1258.6,0.06,1.36,ddos
760,338.59,0,3,672.04,0.05,1.81,ddos
1423,88.54,5,2,978.32,0.01,1.54,ddos
2236,393.31,1,3,758.48,0.08,1.3,ddos
1004,167.5,11,1,526.88,0.09,1.41,ddos
884,166.78,14,1,884.83,0.03,2.0,ddos
1840,90.88,10,3,843.45,0.03,1.42,ddos
151,357.51,5,1,1133.42,0.04,0.74,ddos
1054,86.04,7,4,538.97,0.07,1.8,ddos
3015,125.79,7,3,1475.15,0.05,1.23,ddos
2166,228.58,11,3,977.09,0.02,1.2,ddos
1240,352.6,15,2,1361.23,0.06,0.38,ddos
2142,69.78,6,1,1145.48,0.02,1.16,ddos
985,299.28,17,3,786.15,0.07,0.64,ddos
2995,383.99,9,1,699.34,0.02,1.0,ddos
2038,95.18,2,4,1347.31,0.06,0.92,ddos
1113,480.18,16,2,946.72,0.05,1.71,ddos
556,81.34,6,1,839.17,0.08,1.4,ddos
1133,77.49,8,4,827.83,0.04,1.38,ddos
444,90.96,6,1,812.47,0.08,1.18,ddos
2419,378.43,13,3,601.24,0.01,1.49,ddos
691,418.11,14,3,989.68,0.09,0.42,ddos
1175,219.51,9,4,462.81,0.01,1.56,ddos
2638,230.28,3,0,1554.23,0.02,1.63,ddos
1178,248.04,8,2,421.37,0.03,0.8,ddos
618,465.45,13,4,802.87,0.08,1.3,ddos
1571,362.11,0,4,1155.28,0.08,2.21,ddos
920,124.77,15,3,987.89,0.02,0.82,ddos
477,303.0,2,2,963.74,0.03,1.8,ddos
18,131.56,5,2,488.36,0.1,0.67,ddos
2447,332.93,1,2,957.03,0.08,1.04,ddos
2593,371.15,13,2,1462.5,0.09,1.32,ddos
1273,12.09,13,3,813.8,0.07,1.96,ddos
2411,466.63,4,4,724.57,0.04,1.1,ddos
0,192.26,14,1,385.68,0.06,1.02,ddos
984,442.79,9,3,1319.85,0.07,1.92,ddos
533,283.63,6,3,819.28,0.03,1.02,ddos
1193,248.83,9,3,668.96,0.05,1.62,ddos
1812,392.99,7,3,594.8,0.05,1.33,ddos
1514,490.05,8,5,1324.64,0.02,1.01,ddos
1650,25.67,11,1,1603.4,0.03,0.8,ddos
253,439.94,1,4,464.99,0.04,2.28,ddos
484,151.81,4,2,985.51,0.0,0.71,ddos
876,273.48,17,3,1292.27,0.04,0.88,ddos
513,5.69,6,4,814.62,0.03,1.81,ddos
1870,197.33,15,4,1228.49,0.1,1.16,ddos
1455,90.7,16,2,649.95,0.08,1.56,ddos
2754,264.46,5,4,674.42,0.1,1.59,ddos
545,469.05,0,3,714.05,0.05,1.48,ddos
1301,381.18,15,4,985.22,0.05,1.8,ddos
774,457.42,11,2,1257.1,0.05,1.0,ddos
2303,277.21,0,1,588.66,0.04,1.68,ddos
1216,85.57,9,3,717.1,0.03,1.85,ddos
1829,112.22,13,3,1150.73,0.03,0.51,ddos
985,380.3,17,2,551.83,0.06,0.94,ddos
2075,146.91,15,4,848.1,0.05,1.24,ddos
2894,228.58,15,4,1427.98,0.11,1.9,ddos
1849,448.87,0,3,1424.62,0.05,1.7,ddos
408,356.88,3,1,1142.91,0.08,0.71,ddos
276,230.09,9,4,1097.51,0.01,0.84,ddos
3031,321.63,8,1,1053.25,0.03,1.04,ddos
0,231.12,10,1,642.72,0.05,0.97,ddos
1391,211.44,1,1,305.85,0.09,1.11,ddos
1396,128.65,18,1,1311.88,0.06,2.0,ddos
276,201.53,5,5,1214.91,0.09,0.38,ddos
1266,209.41,13,4,432.95,0.06,1.16,ddos
1491,245.28,11,1,1189.12,0.08,0.75,ddos
1643,458.29,3,1,595.68,0.06,0.73,ddos
1760,104.34,18,1,1167.71,0.03,1.88,ddos
2882,365.47,20,4,1144.27,0.08,1.5,ddos
1401,185.76,5,2,493.33,0.01,0.81,ddos
1884,133.93,17,1,452.59,0.03,1.31,ddos
2642,254.78,20,3,1235.69,0.09,1.44,ddos
888,447.13,16,3,845.31,0.09,1.03,ddos
1656,350.0,18,2,930.89,0.06,1.19,ddos
327,491.96,10,3,467.8,0.08,0.97,ddos
1808,458.32,0,4,1489.03,0.03,1.36,ddos
2311,47.99,2,5,1229.31,0.05,0.54,ddos
873,133.49,12,2,1223.94,0.04,1.56,ddos
105,447.1,13,1,356.42,0.08,1.05,ddos
2226,397.79,14,5,1100.72,0.09,1.0,ddos
208,231.43,9,4,440.29,0.02,0.43,ddos
576,263.38,10,4,680.29,0.09,0.69,ddos
2295,243.3,8,3,1046.96,0.04,1.38,ddos
2981,101.67,18,2,1159.44,0.06,0.94,ddos
967,235.36,2,2,1317.56,0.02,1.22,ddos
1668,89.01,18,3,830.04,0.02,1.3,ddos
657,451.99,16,3,1043.82,0.08,2.01,ddos
2298,312.48,15,1,1297.33,0.05,1.09,ddos
2226,267.34,19,2,1222.92,0.07,1.14,ddos
1495,170.29,18,4,845.42,0.11,0.48,ddos
2160,161.14,16,3,611.15,0.03,1.62,ddos
1850,83.49,7,3,1416.49,0.03,1.95,ddos
671,400.53,17,4,1091.05,0.05,1.08,ddos
1962,445.7,0,2,1125.66,0.01,1.09,ddos
2420,439.22,0,1,1118.78,0.07,1.6,ddos
2915,161.61,8,2,919.86,0.03,1.17,ddos
864,433.08,10,3,735.1,0.05,1.62,ddos
2425,152.65,4,2,1172.85,0.05,1.97,ddos
1819,466.41,17,4,523.67,0.1,1.11,ddos
1584,142.67,14,1,1077.59,0.02,0.34,ddos
2531,320.97,1,3,885.48,0.07,0.64,ddos
686,192.03,5,1,852.54,0.1,1.29,ddos
288,336.86,4,4,769.89,0.0,1.66,ddos
2045,82.9,1,1,1223.64,0.03,1.65,ddos
1037,183.96,12,3,457.7,0.02,0.34,ddos
763,209.99,13,1,1328.61,0.04,0.86,ddos
571,126.84,16,2,1036.59,0.08,1.6,ddos
701,422.09,8,4,1390.58,0.05,0.88,ddos
1603,498.03,17,2,1282.28,0.08,0.87,ddos
1308,121.11,1,4,471.37,0.08,1.52,ddos
645,399.45,11,1,544.8,0.05,0.93,ddos
1404,159.82,0,0,1015.47,0.09,1.29,ddos
1182,488.16,8,4,1119.81,0.0,0.74,ddos
1155,28.11,9,4,507.46,0.01,1.59,ddos
1504,65.1,10,4,688.7,0.07,1.64,ddos
700,343.25,8,3,1438.45,0.05,1.79,ddos
0,493.63,0,3,744.65,0.02,1.83,ddos
2479,265.36,3,2,804.65,0.05,2.26,ddos
3126,524.74,18,1,769.11,0.02,1.62,ddos
1447,86.43,12,2,720.81,0.09,1.75,ddos
1162,350.27,1,2,790.08,0.06,1.6,ddos
15,346.79,2,1,1296.62,0.03,1.57,ddos
2611,142.64,4,4,1299.78,0.09,0.75,ddos
766,75.3,0,1,979.09,0.04,1.34,ddos
2571,237.76,17,1,549.75,0.06,1.12,ddos
2096,305.33,11,3,763.34,0.04,0.89,ddos
424,138.89,10,4,858.36,0.05,2.09,ddos
401,457.84,10,3,490.85,0.08,0.7,ddos
945,379.94,10,4,1173.58,0.08,0.65,ddos
1703,332.4,0,1,1363.24,0.09,1.07,ddos
556,79.89,0,1,563.31,0.07,1.25,ddos
1907,372.96,7,2,710.31,0.04,1.85,ddos
1363,132.45,14,1,678.16,0.09,0.81,ddos
2695,460.05,2,4,649.1,0.03,1.59,ddos
1708,82.6,3,2,780.59,0.03,1.52,ddos
196,98.61,10,3,975.82,0.06,1.61,ddos
1925,57.22,15,4,1123.88,0.09,1.59,ddos
394,140.98,8,4,1101.19,0.01,1.34,ddos
2660,307.09,2,1,1199.25,0.09,2.02,ddos
1219,235.28,11,2,743.03,0.09,0.72,ddos
509,407.71,2,2,1162.28,0.06,1.6,ddos
1227,375.26,16,1,890.04,0.07,1.93,ddos
0,279.22,5,3,885.59,0.01,1.38,ddos
1627,521.75,11,3,694.5,0.08,1.34,ddos
2704,361.1,9,1,1259.9,0.07,1.66,ddos
987,76.78,14,4,1371.78,0.09,1.69,ddos
280,252.41,5,1,1587.0,0.05,1.43,ddos
1886,419.03,6,1,889.82,0.05,1.72,ddos
1268,388.34,17,2,1041.14,0.03,0.85,ddos
252,87.3,5,4,1122.21,0.07,1.16,ddos
2050,188.96,19,1,1475.92,0.09,1.76,ddos
551,410.77,11,4,1062.57,0.05,1.92,ddos
0,425.29,10,5,798.46,0.02,1.02,ddos
292,468.51,10,5,434.43,0.05,1.78,ddos
1142,246.15,10,2,1106.61,0.07,1.65,ddos
2963,406.93,18,2,1185.71,0.02,1.63,ddos
1682,429.46,1,2,1596.76,0.08,0.75,ddos
1374,447.19,9,3,1240.29,0.07,0.64,ddos
847,231.88,14,4,533.77,0.04,1.45,ddos
615,356.07,15,1,1517.35,0.03,0.28,ddos
2663,436.07,11,4,1188.65,0.07,0.73,ddos
2583,187.56,14,1,1036.67,0.05,1.6,ddos
3157,413.4,5,3,628.66,0.03,0.86,ddos
532,493.57,14,1,907.78,0.05,1.64,ddos
1243,364.48,10,1,1211.48,0.08,0.98,ddos
1239,377.66,13,1,1303.99,0.02,0.91,ddos
2186,66.25,2,0,1444.82,0.1,1.57,ddos
1130,160.11,18,4,644.9,0.07,1.65,ddos
1258,122.1,12,1,1221.88,0.04,0.82,ddos
1417,353.94,19,2,999.19,0.06,0.68,ddos
1595,311.86,14,2,939.03,0.04,0.86,ddos
1103,357.95,12,2,673.42,0.09,1.42,ddos
2667,452.78,3,2,692.26,0.01,0.55,ddos
3097,211.2,16,2,1569.05,0.09,2.06,ddos
979,436.07,4,1,1045.7,0.08,1.48,ddos
1751,276.28,6,1,841.52,0.08,0.37,ddos
2573,289.76,11,3,555.64,0.06,1.14,ddos
1292,40.57,8,4,1092.15,0.02,1.59,ddos
2044,480.82,16,4,1390.11,0.07,0.5,ddos
1519,218.21,9,2,707.42,0.02,2.01,ddos
168,193.28,4,4,997.14,0.11,0.87,ddos
1482,399.41,9,3,1304.41,0.05,0.8,ddos
1487,208.41,16,4,874.04,0.01,0.7,ddos
2458,22.06,0,1,1500.45,0.08,1.6,ddos
1676,162.89,5,4,1485.36,0.02,1.36,ddos
2423,93.77,0,2,1265.0,0.05,0.47,ddos
569,330.56,11,4,1029.79,0.01,0.61,ddos
2889,357.33,16,3,1255.28,0.07,1.81,ddos
1845,216.33,5,1,1013.01,0.07,1.81,ddos
3120,491.9,6,4,1147.69,0.06,0.62,ddos
1724,514.0,14,3,1249.84,0.09,0.52,ddos
2681,41.85,12,3,1199.05,0.04,0.69,ddos
824,446.15,5,4,1143.97,0.12,0.58,ddos
575,382.94,3,3,556.0,0.02,0.68,ddos
2859,5.64,11,2,1210.3,0.03,1.05,ddos
2680,131.64,14,3,926.2,0.06,1.15,ddos
714,90.23,5,3,576.63,0.1,1.49,ddos
2622,363.29,15,2,1113.46,0.07,1.3,ddos
2814,321.61,6,3,1307.48,0.01,0.4,ddos
941,226.85,19,1,1247.94,0.1,0.46,ddos
2519,240.13,8,1,1389.92,0.02,1.68,ddos
2732,136.59,6,1,1580.2,0.09,1.16,ddos
2849,321.59,17,2,1030.73,0.01,0.68,ddos
801,352.84,10,2,1147.55,0.07,0.78,ddos
1776,33.74,11,1,1023.71,0.02,1.21,ddos
1003,349.38,7,1,557.52,0.01,1.01,ddos
953,141.34,2,1,1159.22,0.05,0.72,ddos
1484,406.26,20,2,1286.78,0.02,1.16,ddos
2081,184.35,6,2,877.68,0.08,0.77,ddos
2428,376.76,17,4,1110.12,0.05,1.9,ddos
3004,326.9,10,1,1112.97,0.04,1.14,ddos
1637,179.37,10,4,1296.1,0.05,0.67,ddos
2802,540.53,15,4,1073.53,0.05,1.84,ddos
2506,154.02,8,1,859.58,0.09,1.66,ddos
227,528.36,14,3,1016.01,0.01,1.18,ddos
1715,0.0,2,2,1067.89,0.07,1.48,ddos
676,420.43,3,2,818.08,0.09,1.82,ddos
2185,272.71,15,1,1233.43,0.08,1.42,ddos
1299,336.43,20,1,1403.04,0.07,1.74,ddos
3044,195.23,13,4,1394.29,0.05,1.31,ddos
1053,387.79,0,3,565.06,0.04,0.77,ddos
192,388.13,19,4,597.52,0.01,1.22,ddos
2165,122.36,13,3,685.03,0.12,1.79,ddos
2071,242.01,0,1,948.81,0.07,1.53,ddos
2260,155.14,13,2,1166.44,0.02,1.29,ddos
406,460.77,15,3,1028.42,0.06,1.47,ddos
1723,216.12,8,1,1372.01,0.08,0.77,ddos
2657,126.14,3,1,679.34,0.08,1.6,ddos
3351,319.68,12,2,558.69,0.06,1.54,ddos
1001,91.32,0,3,679.31,0.1,1.95,ddos
1118,388.85,14,4,719.27,0.03,0.98,ddos
407,226.4,7,1,1161.94,0.06,1.2,ddos
1973,282.62,3,2,832.12,0.07,0.77,ddos
466,280.63,1,3,1422.31,0.03,1.11,ddos
3040,329.27,6,0,1241.02,0.06,1.91,ddos
2757,440.32,18,2,751.36,0.1,1.86,ddos
1764,131.67,7,3,1193.62,0.07,1.44,ddos
366,316.44,20,2,512.77,0.03,1.44,ddos
956,479.37,1,4,1661.48,0.11,1.27,ddos
385,253.75,4,3,1121.25,0.05,1.42,ddos
366,290.29,12,1,1201.65,0.09,0.56,ddos
1135,429.12,9,2,1445.92,0.08,1.87,ddos
502,432.96,0,4,538.44,0.09,1.29,ddos
1709,345.54,16,1,1025.18,0.04,0.87,ddos
2113,352.11,4,3,1153.4,0.04,1.77,ddos
1025,103.98,16,2,586.76,0.06,0.82,ddos
2541,42.97,6,4,1343.82,0.06,1.17,ddos
2618,470.67,14,1,1074.89,0.03,1.9,ddos
3532,81.53,10,2,1331.34,0.1,1.41,ddos
1956,44.86,12,3,1101.08,0.08,1.81,ddos
1838,182.34,0,1,785.24,0.04,1.13,ddos
49,2.18,0,1,280.66,1.07,4.41,bruteforce
14,1.24,27,3,362.55,2.15,3.85,bruteforce
9,3.73,0,3,290.07,1.68,4.55,bruteforce
53,0.59,32,1,359.6,2.74,5.26,bruteforce
39,3.76,14,3,305.86,1.89,3.24,bruteforce
32,5.34,43,1,220.58,1.42,3.67,bruteforce
64,1.28,35,3,294.51,1.5,3.81,bruteforce
26,3.87,20,1,368.69,1.07,3.95,bruteforce
36,3.19,26,3,214.37,1.18,4.39,bruteforce
31,3.26,50,3,316.03,1.24,4.46,bruteforce
18,3.06,35,3,265.45,2.17,4.02,bruteforce
19,5.64,54,1,229.82,2.7,5.01,bruteforce
0,5.98,15,2,323.84,2.19,4.33,bruteforce
19,2.53,23,3,280.63,1.24,4.72,bruteforce
51,6.33,41,3,235.87,2.53,4.07,bruteforce
36,5.42,14,1,370.24,2.89,3.31,bruteforce
23,4.82,10,1,337.69,0.92,5.01,bruteforce
48,1.5,16,2,351.79,1.34,4.31,bruteforce
13,2.78,30,3,378.54,2.05,4.01,bruteforce
44,3.97,50,1,328.63,1.44,3.74,bruteforce
19,4.8,48,2,248.13,1.38,2.99,bruteforce
38,5.47,26,3,342.56,2.2,4.41,bruteforce
56,1.73,40,2,287.88,2.48,3.92,bruteforce
51,1.9,23,1,309.23,1.35,3.72,bruteforce
17,5.35,39,1,366.07,1.69,4.96,bruteforce
49,3.15,33,1,351.2,2.84,3.66,bruteforce
24,3.51,19,2,399.36,2.88,4.47,bruteforce
43,3.87,51,1,309.95,2.1,3.56,bruteforce
43,3.36,15,2,371.5,1.72,3.15,bruteforce
27,3.41,21,2,216.01,0.88,4.62,bruteforce
33,5.51,59,1,272.31,1.14,3.34,bruteforce
35,5.67,33,2,223.34,2.57,3.45,bruteforce
52,4.32,12,2,278.22,1.47,3.74,bruteforce
33,1.34,21,2,376.49,1.52,4.96,bruteforce
13,1.44,33,1,272.41,2.31,4.49,bruteforce
18,5.46,32,2,224.52,1.91,3.84,bruteforce
14,1.58,40,2,265.34,2.7,3.76,bruteforce
45,2.92,22,1,416.9,2.08,4.34,bruteforce
34,3.05,4,1,249.8,2.29,3.45,bruteforce
48,0.86,7,3,416.29,1.26,3.34,bruteforce
16,5.8,52,1,346.97,2.61,3.73,bruteforce
34,5.61,11,3,233.96,2.93,4.24,bruteforce
39,1.45,43,3,301.09,1.05,4.92,bruteforce
42,5.66,5,1,391.75,1.68,4.09,bruteforce
21,4.1,23,1,364.09,1.88,4.4,bruteforce
16,1.85,18,1,255.6,1.53,3.53,bruteforce
40,4.71,12,3,254.43,1.44,5.06,bruteforce
47,3.95,11,2,182.19,1.65,3.67,bruteforce
8,1.63,52,1,251.28,2.28,3.55,bruteforce
6,1.56,16,1,248.71,1.62,4.27,bruteforce
21,2.81,7,1,237.86,1.41,4.03,bruteforce
29,1.64,30,3,316.09,1.72,2.91,bruteforce
16,5.09,28,1,275.49,2.25,3.52,bruteforce
27,5.68,32,2,275.03,2.27,3.69,bruteforce
38,4.69,13,1,331.64,2.71,3.91,bruteforce
41,2.11,34,1,185.55,1.17,3.63,bruteforce
8,2.3,22,3,242.58,1.98,3.96,bruteforce
34,2.55,37,2,382.03,1.65,3.68,bruteforce
21,3.32,49,1,281.38,2.61,3.95,bruteforce
24,3.22,38,2,184.14,2.19,3.52,bruteforce
44,2.63,6,2,250.83,2.23,4.2,bruteforce
36,2.82,14,3,332.6,1.54,3.99,bruteforce
7,1.11,38,2,214.91,2.31,3.8,bruteforce
35,5.95,28,2,274.44,0.7,4.83,bruteforce
27,3.3,29,1,230.74,1.17,3.45,bruteforce
49,3.78,51,3,345.58,3.12,3.39,bruteforce
22,2.89,42,1,376.77,2.67,3.47,bruteforce
27,1.41,32,1,412.7,3.06,5.32,bruteforce
15,1.68,41,1,350.22,2.3,4.7,bruteforce
38,4.83,49,3,184.78,2.18,3.26,bruteforce
27,2.12,13,1,341.05,1.69,3.07,bruteforce
48,5.1,5,1,298.32,1.13,4.47,bruteforce
41,2.01,31,2,217.21,1.85,4.14,bruteforce
40,1.02,41,2,249.58,2.65,3.59,bruteforce
3,5.47,21,3,380.63,2.83,3.9,bruteforce
54,5.87,15,3,335.12,1.3,5.09,bruteforce
24,4.43,17,1,284.68,1.98,4.46,bruteforce
50,3.45,15,1,372.64,1.92,4.81,bruteforce
28,0.79,29,2,299.49,1.45,3.04,bruteforce
45,5.65,47,3,248.42,1.31,3.02,bruteforce
36,1.97,31,1,271.44,1.8,3.58,bruteforce
34,1.46,34,2,223.32,2.29,3.5,bruteforce
4,6.76,24,1,362.1,2.52,4.25,bruteforce
45,3.35,4,1,329.98,1.82,4.08,bruteforce
10,3.56,21,2,434.32,2.48,4.04,bruteforce
2,2.59,44,1,287.46,2.7,4.4,bruteforce
52,3.32,26,2,390.29,2.84,4.1,bruteforce
27,3.65,44,1,271.47,3.17,2.93,bruteforce
8,0.97,22,1,198.4,2.42,3.71,bruteforce
10,4.94,9,1,296.69,2.0,2.92,bruteforce
10,1.99,1,2,267.4,1.89,2.96,bruteforce
52,2.7,32,1,392.74,1.3,4.79,bruteforce
23,3.01,4,2,326.13,2.42,4.24,bruteforce
41,2.33,19,1,184.35,1.31,3.65,bruteforce
20,1.48,10,3,356.55,2.95,3.17,bruteforce
7,2.11,9,2,288.43,2.28,3.41,bruteforce
40,2.11,49,1,194.43,0.99,3.23,bruteforce
6,5.97,51,3,386.32,2.47,3.46,bruteforce
41,5.25,7,1,360.77,2.48,3.51,bruteforce
43,4.88,25,1,288.56,2.2,4.4,bruteforce
11,4.15,39,2,315.51,1.84,4.59,bruteforce
19,5.91,1,3,273.47,1.86,3.88,bruteforce
49,3.3,38,2,229.47,1.45,4.63,bruteforce
53,4.79,31,1,376.49,2.03,3.16,bruteforce
21,2.07,26,1,340.9,2.38,4.42,bruteforce
8,4.96,21,3,313.85,1.96,3.04,bruteforce
3,3.69,50,3,352.59,2.87,4.71,bruteforce
33,4.94,9,1,338.79,3.0,4.71,bruteforce
29,4.06,35,1,334.3,2.14,3.63,bruteforce
55,3.53,53,2,290.93,2.66,3.17,bruteforce
11,2.35,20,2,313.72,2.36,4.17,bruteforce
40,3.41,38,3,274.75,1.99,4.01,bruteforce
32,4.64,20,3,348.49,1.9,5.06,bruteforce
17,1.06,12,3,337.27,1.66,3.88,bruteforce
11,4.23,21,2,290.49,1.24,3.46,bruteforce
22,2.74,21,2,218.88,0.89,4.32,bruteforce
50,2.35,44,3,197.94,2.4,5.12,bruteforce
36,3.79,13,1,275.09,1.79,4.21,bruteforce
39,4.56,50,3,165.92,2.41,3.93,bruteforce
35,0.5,24,2,206.69,1.64,3.64,bruteforce
18,2.64,39,2,350.98,1.1,3.34,bruteforce
56,1.64,22,1,227.2,0.82,3.42,bruteforce
6,2.2,14,2,320.09,1.84,4.29,bruteforce
52,5.65,47,2,362.18,1.89,4.18,bruteforce
7,5.47,31,2,303.01,2.87,3.2,bruteforce
13,3.8,20,1,230.1,1.03,4.3,bruteforce
14,3.52,14,3,337.91,3.16,4.21,bruteforce
11,3.18,25,1,334.48,2.25,3.62,bruteforce
37,3.92,22,1,252.07,1.28,4.9,bruteforce
22,3.11,46,2,294.52,1.79,2.99,bruteforce
10,2.43,48,1,297.62,3.01,3.65,bruteforce
33,3.63,49,2,352.34,1.98,5.36,bruteforce
32,4.0,22,1,327.66,2.87,3.6,bruteforce
12,2.51,38,2,401.4,1.53,3.68,bruteforce
23,1.81,26,3,293.38,2.43,3.11,bruteforce
42,0.63,21,2,257.71,1.22,3.98,bruteforce
43,2.16,17,3,392.01,2.71,5.17,bruteforce
43,5.78,40,2,354.17,2.47,3.97,bruteforce
56,2.41,25,2,268.83,2.15,4.28,bruteforce
21,2.26,49,1,315.32,2.5,3.05,bruteforce
26,6.38,41,1,222.16,2.2,4.51,bruteforce
21,0.99,9,3,272.56,2.72,3.17,bruteforce
32,5.03,0,3,313.41,1.41,4.66,bruteforce
32,1.06,18,1,329.2,1.41,4.17,bruteforce
36,5.26,12,1,215.0,2.29,3.7,bruteforce
11,5.67,12,3,341.61,2.07,3.15,bruteforce
51,5.43,11,2,391.54,2.23,4.9,bruteforce
38,5.86,14,2,326.88,1.41,2.8,bruteforce
13,5.19,29,2,385.59,1.13,3.87,bruteforce
21,3.63,32,3,360.97,1.84,5.01,bruteforce
33,1.92,9,1,317.62,2.34,3.53,bruteforce
41,3.81,28,2,187.35,2.5,4.12,bruteforce
33,3.32,16,3,398.19,1.77,4.34,bruteforce
56,2.4,36,1,335.06,1.63,4.88,bruteforce
18,3.68,23,1,306.67,2.49,4.52,bruteforce
18,3.91,14,3,222.6,2.85,4.15,bruteforce
33,4.79,51,1,335.2,1.63,4.11,bruteforce
48,3.72,32,2,348.0,2.14,4.05,bruteforce
39,3.31,28,3,207.3,1.19,3.72,bruteforce
12,1.7,21,1,324.64,2.71,3.9,bruteforce
38,3.81,17,1,341.42,1.82,4.9,bruteforce
50,3.34,28,1,243.63,1.23,4.17,bruteforce
26,4.14,53,3,255.85,2.37,3.73,bruteforce
49,1.48,5,2,226.1,1.96,4.0,bruteforce
52,3.55,20,3,372.87,1.97,3.87,bruteforce
26,5.18,35,3,241.78,1.17,3.55,bruteforce
6,2.11,12,2,326.38,2.08,4.27,bruteforce
16,1.93,37,2,371.71,2.41,3.16,bruteforce
16,4.1,43,2,284.27,1.92,4.91,bruteforce
48,2.77,35,3,241.93,2.14,4.68,bruteforce
16,0.92,44,2,218.94,1.21,3.58,bruteforce
40,1.45,44,1,365.46,1.34,3.27,bruteforce
13,4.24,53,2,234.43,2.53,3.37,bruteforce
42,5.52,28,2,360.09,0.88,2.84,bruteforce
36,1.7,18,3,238.6,1.47,4.01,bruteforce
27,2.04,35,2,240.69,1.35,3.9,bruteforce
31,4.78,28,2,256.31,2.23,4.21,bruteforce
15,2.28,22,2,249.92,3.11,3.52,bruteforce
29,2.93,11,2,250.08,1.34,3.91,bruteforce
15,0.39,46,3,315.41,2.71,4.34,bruteforce
29,1.87,33,2,299.48,2.09,3.18,bruteforce
30,5.65,44,1,368.49,1.37,4.06,bruteforce
18,2.0,6,1,208.81,1.88,3.71,bruteforce
23,1.44,11,2,193.26,1.54,4.93,bruteforce
42,2.36,27,3,317.31,2.46,4.67,bruteforce
29,3.99,38,3,234.02,1.28,3.21,bruteforce
21,4.69,8,1,321.19,1.96,3.49,bruteforce
51,7.19,39,2,278.76,2.38,4.93,bruteforce
41,5.48,12,1,304.14,1.39,4.58,bruteforce
39,4.48,35,3,232.65,2.16,2.96,bruteforce
19,1.28,48,3,232.45,2.82,4.11,bruteforce
37,5.53,22,3,203.85,3.13,3.62,bruteforce
24,5.15,46,3,285.45,1.8,5.0,bruteforce
2,1.63,24,2,375.68,2.63,3.8,bruteforce
23,3.08,19,1,292.03,2.86,3.65,bruteforce
21,0.86,15,2,265.19,2.12,5.06,bruteforce
24,1.19,40,1,337.98,1.91,3.74,bruteforce
38,3.33,31,1,373.0,2.57,4.41,bruteforce
37,1.32,33,2,277.08,1.78,4.13,bruteforce
31,2.46,11,3,294.05,2.54,4.18,bruteforce
9,2.61,40,3,256.33,1.33,3.82,bruteforce
19,5.46,15,1,321.51,2.94,3.36,bruteforce
34,3.24,15,3,234.16,2.4,5.18,bruteforce
43,3.81,28,2,206.84,2.47,3.9,bruteforce
12,1.53,34,3,400.23,1.76,3.62,bruteforce
56,4.77,40,3,306.88,2.16,3.04,bruteforce
57,3.96,17,1,216.4,2.58,4.82,bruteforce
54,5.13,35,1,220.77,1.56,2.82,bruteforce
31,4.7,9,2,203.94,2.39,3.14,bruteforce
15,1.85,15,2,226.95,2.87,4.68,bruteforce
49,1.55,30,2,359.79,2.4,3.65,bruteforce
57,1.37,50,3,400.05,2.7,4.85,bruteforce
33,1.45,19,2,357.41,1.75,3.87,bruteforce
43,1.58,23,3,331.51,1.37,3.82,bruteforce
12,1.77,29,3,397.88,1.73,3.4,bruteforce
46,3.38,40,3,323.14,2.56,4.02,bruteforce
14,4.75,6,2,386.49,1.71,3.33,bruteforce
38,4.01,22,2,232.02,3.09,3.7,bruteforce
48,1.15,8,3,206.67,1.89,3.4,bruteforce
42,2.61,30,2,369.62,2.1,4.12,bruteforce
12,4.27,43,2,292.47,1.39,3.88,bruteforce
43,2.58,31,2,408.27,1.5,4.49,bruteforce
27,2.93,41,1,353.78,1.53,4.49,bruteforce
10,5.38,34,1,316.88,2.16,4.3,bruteforce
39,2.94,27,1,301.76,1.33,4.1,bruteforce
42,5.71,10,2,280.88,1.2,3.37,bruteforce
15,2.89,16,1,361.38,1.65,3.82,bruteforce
15,3.84,27,1,367.68,1.88,3.45,bruteforce
10,2.75,22,2,333.36,2.53,2.94,bruteforce
36,5.24,1,2,267.09,2.29,4.08,bruteforce
19,3.33,41,3,231.01,1.74,3.23,bruteforce
2,3.13,51,3,397.64,3.18,3.66,bruteforce
33,2.93,23,3,310.05,1.54,4.46,bruteforce
46,4.42,30,1,306.72,1.38,4.87,bruteforce
28,1.91,26,3,269.12,2.54,3.57,bruteforce
23,3.15,49,2,265.17,1.21,3.47,bruteforce
56,2.21,33,3,220.51,1.76,4.48,bruteforce
44,3.85,39,2,309.35,2.64,4.38,bruteforce
31,2.78,39,1,293.43,2.86,4.85,bruteforce
16,2.33,21,1,308.84,1.38,3.42,bruteforce
6,4.87,18,3,348.36,1.3,4.46,bruteforce
54,6.2,3,3,224.14,2.3,4.63,bruteforce
36,2.43,55,2,328.62,1.77,3.22,bruteforce
36,1.61,45,2,264.79,3.19,4.39,bruteforce
27,2.45,30,3,208.57,1.49,4.73,bruteforce
10,4.56,18,3,229.12,2.15,4.82,bruteforce
28,4.46,9,2,394.71,1.58,4.34,bruteforce
20,2.31,22,3,290.79,2.21,3.13,bruteforce
57,3.44,33,1,366.14,2.52,3.58,bruteforce
39,1.44,40,3,290.89,1.68,4.97,bruteforce
41,2.68,32,3,358.33,1.61,3.09,bruteforce
49,5.11,27,3,256.36,2.38,4.56,bruteforce
23,4.61,32,3,190.65,2.35,3.62,bruteforce
44,1.13,19,2,388.54,1.29,5.11,bruteforce
16,1.09,39,3,212.3,2.51,3.72,bruteforce
7,4.88,34,3,222.91,2.43,4.64,bruteforce
10,5.72,40,3,260.84,1.72,3.41,bruteforce
6,0.73,4,2,264.57,1.27,3.28,bruteforce
15,6.13,11,2,283.29,2.14,4.87,bruteforce
50,5.62,39,3,351.98,2.59,4.61,bruteforce
21,2.66,34,1,257.64,1.5,3.34,bruteforce
51,3.95,26,3,192.97,1.89,3.66,bruteforce
16,3.68,12,1,297.79,1.93,4.12,bruteforce
38,5.6,27,2,311.78,2.16,3.43,bruteforce
34,5.63,4,3,253.1,1.82,3.39,bruteforce
48,1.31,27,1,250.61,2.7,5.07,bruteforce
56,5.19,7,1,313.28,1.27,3.76,bruteforce
16,0.79,37,3,344.45,2.93,3.95,bruteforce
52,5.4,11,1,285.23,2.7,3.96,bruteforce
54,1.83,7,1,271.73,1.62,3.82,bruteforce
9,4.6,45,1,328.16,1.7,3.46,bruteforce
47,4.26,9,3,395.04,2.01,3.93,bruteforce
13,0.33,37,1,283.22,0.76,4.69,bruteforce
13,4.23,27,1,197.51,2.81,4.85,bruteforce
50,1.5,31,3,259.24,2.47,3.06,bruteforce
5,1.77,8,1,271.47,2.29,5.07,bruteforce
12,3.14,41,2,345.05,1.81,5.13,bruteforce
20,2.6,6,2,288.09,1.14,3.73,bruteforce
26,1.37,37,1,350.11,2.37,4.64,bruteforce
23,2.37,40,2,340.15,2.82,3.71,bruteforce
47,1.98,30,1,352.45,1.03,4.78,bruteforce
43,4.75,12,3,242.03,1.6,3.97,bruteforce
17,5.15,18,2,258.78,2.32,4.13,bruteforce
40,1.59,34,2,372.13,3.26,3.83,bruteforce
7,0.81,35,3,359.64,2.77,4.12,bruteforce
39,3.9,15,3,331.4,1.08,5.22,bruteforce
47,5.65,45,3,267.3,1.88,4.89,bruteforce
8,4.84,21,2,319.42,1.59,4.85,bruteforce
14,3.92,3,1,273.18,2.13,4.07,bruteforce
12,2.45,42,3,282.14,1.47,3.69,bruteforce
14,2.07,4,2,301.91,1.94,3.52,bruteforce
40,2.91,19,2,316.86,1.76,3.51,bruteforce
59,1.6,8,3,244.79,2.97,3.79,bruteforce
50,3.9,33,3,263.42,2.44,4.3,bruteforce
63,6.22,26,2,317.57,2.45,3.66,bruteforce
47,5.44,49,1,353.83,2.32,3.23,bruteforce
39,5.69,35,2,171.25,2.83,3.89,bruteforce
42,2.15,10,1,192.81,2.79,4.25,bruteforce
44,4.94,36,1,231.76,2.05,5.07,bruteforce
34,3.02,19,2,246.66,1.66,4.29,bruteforce
43,4.1,5,3,342.48,2.81,3.49,bruteforce
27,2.54,19,1,383.72,2.7,3.85,bruteforce
47,4.14,10,2,220.45,0.86,3.24,bruteforce
55,5.47,15,2,241.25,2.08,4.19,bruteforce
32,5.88,13,2,201.55,1.43,4.47,bruteforce
38,1.21,20,3,246.94,2.72,3.76,bruteforce
37,5.02,0,1,355.85,2.47,3.49,bruteforce
26,1.97,26,3,296.67,0.94,3.77,bruteforce
11,5.3,13,3,187.44,2.33,5.03,bruteforce
41,6.21,16,1,294.75,1.93,3.52,bruteforce
21,5.65,52,1,291.79,2.32,4.58,bruteforce
32,3.15,46,1,334.85,1.23,4.68,bruteforce
20,3.48,35,3,342.12,2.78,4.89,bruteforce
10,2.5,21,3,215.38,1.95,5.2,bruteforce
53,4.35,38,2,197.07,2.07,4.07,bruteforce
64,3.77,17,2,264.81,1.55,4.92,bruteforce
28,4.57,10,3,273.46,2.81,4.31,bruteforce
21,2.12,0,3,200.29,1.9,3.1,bruteforce
9,4.51,6,3,269.91,2.22,4.98,bruteforce
42,4.88,5,2,228.84,2.94,4.12,bruteforce
43,1.91,32,1,289.3,1.1,4.0,bruteforce
0,0.86,45,3,314.48,1.24,4.07,bruteforce
18,1.24,28,1,329.21,2.67,5.1,bruteforce
18,3.63,25,2,344.15,2.08,4.68,bruteforce
54,2.89,40,2,281.35,2.78,4.0,bruteforce
45,5.48,9,2,279.49,2.25,4.93,bruteforce
13,3.67,21,3,356.69,1.16,4.15,bruteforce
48,2.52,34,1,344.07,1.26,3.58,bruteforce
10,1.17,29,1,254.09,2.15,3.71,bruteforce
40,1.64,23,2,271.16,2.54,3.39,bruteforce
22,3.2,40,2,353.53,1.12,3.47,bruteforce
25,0.51,15,3,331.53,1.53,4.22,bruteforce
24,2.78,16,1,388.32,3.03,4.19,bruteforce
14,0.86,8,3,348.4,1.08,4.61,bruteforce
46,4.43,30,1,345.03,2.73,3.2,bruteforce
50,1.83,32,3,395.34,1.51,3.36,bruteforce
6,3.75,29,3,298.75,1.06,3.2,bruteforce
38,3.66,23,2,375.16,2.2,3.66,bruteforce
50,4.02,29,3,235.24,0.99,3.57,bruteforce
63,1.03,10,1,260.63,2.1,3.9,bruteforce
21,1.85,27,3,336.79,1.71,3.48,bruteforce
33,4.01,36,3,320.97,3.05,3.12,bruteforce
30,1.2,15,1,374.24,2.04,4.53,bruteforce
38,2.08,1,2,287.76,1.69,4.39,bruteforce
14,5.27,9,2,383.77,2.71,3.01,bruteforce
0,4.58,27,1,303.78,3.4,4.07,bruteforce
36,3.97,48,3,215.24,1.6,3.62,bruteforce
24,4.22,14,3,283.47,2.69,4.09,bruteforce
15,0.74,50,2,374.26,2.66,4.08,bruteforce
29,2.91,12,1,379.18,2.71,5.07,bruteforce
44,4.94,21,2,367.75,2.37,2.81,bruteforce
58,5.43,8,1,215.0,2.44,4.55,bruteforce
31,1.57,13,2,394.78,2.74,2.83,bruteforce
13,3.35,40,3,260.25,1.92,3.64,bruteforce
40,4.82,20,2,296.84,2.71,3.39,bruteforce
53,3.3,16,2,308.67,2.62,5.04,bruteforce
23,3.24,40,1,391.75,1.26,4.0,bruteforce
57,1.48,25,1,289.57,2.32,3.98,bruteforce
43,2.81,1,1,348.11,2.62,4.35,bruteforce
31,2.36,38,2,372.21,2.14,3.99,bruteforce
52,3.7,19,1,364.55,1.89,3.95,bruteforce
14,4.25,38,1,326.37,2.64,3.0,bruteforce
25,2.36,26,2,330.14,2.76,3.35,bruteforce
47,4.37,21,3,279.34,2.45,4.89,bruteforce
53,6.22,20,1,246.32,2.19,4.14,bruteforce
40,3.53,40,1,242.35,2.92,4.51,bruteforce
59,2.46,31,1,404.78,2.75,3.72,bruteforce
53,5.72,42,1,320.58,2.34,3.69,bruteforce
36,4.96,10,2,410.81,1.68,4.63,bruteforce
50,4.4,44,3,224.94,1.15,4.14,bruteforce
32,4.1,9,3,368.36,2.73,3.75,bruteforce
23,3.52,38,1,366.77,1.26,3.85,bruteforce
24,1.99,12,1,239.63,2.57,3.62,bruteforce
6,6.45,37,1,357.14,2.15,3.8,bruteforce
47,3.84,50,1,354.9,1.11,3.29,bruteforce
13,0.84,36,1,363.07,2.98,3.69,bruteforce
45,6.29,9,2,242.6,2.56,3.42,bruteforce
31,0.71,3,2,196.93,2.26,4.61,bruteforce
21,1.68,38,1,279.39,2.37,3.8,bruteforce
27,3.43,22,1,196.06,1.26,3.56,bruteforce
12,2.21,37,1,210.05,2.66,2.87,bruteforce
41,1.22,23,2,300.42,1.68,4.37,bruteforce
17,5.15,9,2,373.11,1.6,5.03,bruteforce
28,6.22,21,1,242.8,2.65,3.11,bruteforce
28,1.46,22,1,242.77,0.97,4.14,bruteforce
53,1.14,22,2,312.76,2.62,4.86,bruteforce
19,0.46,36,3,238.58,1.94,3.04,bruteforce
19,0.68,6,3,314.77,2.74,4.31,bruteforce
19,2.81,35,2,329.08,1.35,3.63,bruteforce
3,4.47,17,3,330.97,1.31,3.32,bruteforce
40,4.89,52,3,401.31,1.87,4.1,bruteforce
13,5.91,55,2,340.09,1.98,4.11,bruteforce
36,5.54,5,2,383.74,2.11,4.44,bruteforce
44,4.18,28,1,374.8,1.45,3.73,bruteforce
40,5.97,30,1,364.56,1.93,3.14,bruteforce
47,4.11,40,2,242.73,2.42,4.36,bruteforce
42,5.5,54,1,206.73,3.08,5.08,bruteforce
7,3.54,52,2,215.58,1.62,4.16,bruteforce
19,2.58,25,2,220.17,2.29,3.32,bruteforce
39,1.14,36,2,221.62,2.09,3.59,bruteforce
34,2.95,45,3,262.66,2.36,3.17,bruteforce
20,3.99,36,1,339.89,1.69,4.52,bruteforce
8,1.68,18,2,282.55,2.68,3.78,bruteforce
29,5.9,41,2,249.84,1.08,3.57,bruteforce
24,3.93,7,2,235.79,2.58,4.76,bruteforce
33,3.15,6,2,281.21,1.22,3.77,bruteforce
53,4.87,53,3,283.51,2.5,4.95,bruteforce
35,4.22,18,3,252.39,1.04,3.62,bruteforce
33,3.72,15,1,234.47,1.38,3.59,bruteforce
41,2.19,25,1,352.09,1.65,2.92,bruteforce
32,4.38,43,2,271.52,2.89,3.38,bruteforce
12,4.86,8,2,270.12,1.33,5.02,bruteforce
49,1.83,49,3,396.23,2.56,3.5,bruteforce
13,1.67,37,3,307.78,2.12,4.3,bruteforce
55,3.19,23,1,341.53,1.74,3.64,bruteforce
25,3.26,25,3,252.75,2.48,4.9,bruteforce
4,5.09,10,1,312.17,1.5,5.36,bruteforce
14,5.34,20,2,353.76,1.5,3.61,bruteforce
16,1.41,8,2,218.95,1.61,5.01,bruteforce
35,4.64,41,1,360.47,1.19,3.37,bruteforce
0,2.05,12,1,339.12,2.35,3.45,bruteforce
8,5.54,10,1,344.8,1.51,3.82,bruteforce
45,3.1,32,3,295.58,1.4,3.18,bruteforce
38,5.23,25,3,284.01,2.15,4.95,bruteforce
31,4.67,15,2,286.74,2.66,4.58,bruteforce
8,2.4,11,3,320.11,2.5,4.22,bruteforce
0,3.1,45,3,211.73,2.66,3.98,bruteforce
51,4.85,3,3,353.79,1.72,3.84,bruteforce
24,4.62,29,1,323.74,1.94,3.77,bruteforce
16,4.99,41,1,382.01,1.49,3.38,bruteforce
26,6.67,21,2,314.02,2.07,3.03,bruteforce
38,5.24,3,1,291.99,2.44,4.88,bruteforce
46,6.02,22,1,242.45,1.39,5.24,bruteforce
46,4.75,9,1,283.89,1.77,3.8,bruteforce
12,6.41,50,2,267.58,1.92,3.37,bruteforce
26,1.72,22,1,255.7,0.83,4.68,bruteforce
20,1.49,34,1,254.6,2.85,3.43,bruteforce
33,4.98,22,1,302.7,2.56,3.92,bruteforce
21,2.91,24,1,327.39,1.99,4.77,bruteforce
34,4.6,44,2,247.23,1.86,4.54,bruteforce
27,2.44,0,3,305.56,2.34,3.83,bruteforce
55,2.29,38,1,295.42,2.74,2.97,bruteforce
59,3.97,7,1,314.7,2.49,3.84,bruteforce
32,1.69,11,2,298.23,1.75,3.82,bruteforce
46,4.41,50,3,225.94,1.06,3.9,bruteforce
31,5.48,15,3,253.5,3.1,3.2,bruteforce
9,3.51,11,1,344.11,1.62,3.89,bruteforce
33,5.92,47,1,310.08,2.27,3.8,bruteforce
36,1.92,24,1,243.51,2.3,4.21,bruteforce
3,5.51,47,1,338.43,1.92,4.25,bruteforce
14,1.18,57,3,400.76,2.24,4.71,bruteforce
60,4.05,47,3,316.33,2.86,4.2,bruteforce
31,2.88,14,1,292.62,2.9,5.04,bruteforce
43,3.44,33,2,345.31,1.43,3.98,bruteforce
36,5.88,6,3,330.59,2.35,4.69,bruteforce
10,0.86,48,2,234.26,1.81,4.58,bruteforce
31,2.27,13,3,278.95,1.6,4.21,bruteforce
39,1.73,41,3,222.19,0.99,3.71,bruteforce
48,3.61,12,3,216.73,2.38,4.83,bruteforce
52,6.39,12,1,318.43,2.34,5.13,bruteforce
4,5.58,20,3,327.66,0.73,3.19,bruteforce
36,3.35,40,2,342.6,2.43,4.62,bruteforce
47,3.87,11,1,216.8,2.68,4.97,bruteforce
37,0.85,15,1,363.49,2.92,4.41,bruteforce
26,2.2,29,1,283.1,2.25,4.35,bruteforce
27,4.18,13,3,365.63,2.46,3.69,bruteforce
35,4.17,17,2,338.3,1.48,3.26,bruteforce
5,4.33,34,3,295.22,2.38,3.22,bruteforce
54,4.4,16,2,295.25,1.4,4.4,bruteforce
34,2.05,31,3,240.07,1.88,4.19,bruteforce
46,0.76,26,2,238.83,2.9,3.01,bruteforce
14,3.35,12,1,380.11,1.83,4.03,bruteforce
50,5.25,37,1,213.87,1.33,3.53,bruteforce
13,4.75,2,2,286.3,2.58,2.98,bruteforce
41,3.09,18,1,354.15,2.16,3.58,bruteforce
8,3.92,39,3,349.8,2.03,4.48,bruteforce
32,4.71,17,3,228.07,2.66,4.62,bruteforce
32,3.0,0,3,300.83,1.89,3.32,bruteforce
14,3.24,29,1,248.82,0.87,3.3,bruteforce
40,4.21,40,1,372.67,2.28,3.63,bruteforce
5,2.39,46,2,245.55,2.59,4.48,bruteforce
14,3.23,45,1,267.78,2.67,3.26,bruteforce
19,4.26,3,3,369.15,1.73,4.05,bruteforce
58,2.87,27,2,324.64,2.47,3.39,bruteforce
9,3.44,39,1,217.32,3.08,3.78,bruteforce
29,6.03,45,1,277.7,2.32,4.78,bruteforce
41,4.77,7,2,363.89,1.95,4.83,bruteforce
58,4.09,27,1,233.44,2.21,4.09,bruteforce
7,2.31,22,2,394.93,2.47,3.19,bruteforce
46,4.11,52,2,291.3,0.92,3.88,bruteforce
5,5.22,32,2,371.34,1.42,3.04,bruteforce
29,2.01,7,1,266.14,2.19,3.74,bruteforce
41,1.33,20,2,390.21,2.17,3.17,bruteforce
3,4.39,48,3,289.96,1.65,3.23,bruteforce
24,2.35,7,2,350.3,1.53,3.02,bruteforce
14,4.45,52,2,220.57,2.48,4.17,bruteforce
44,0.82,7,2,185.45,1.51,3.76,bruteforce
40,1.36,30,3,336.18,2.23,3.23,bruteforce
58,1.46,18,3,281.27,2.16,3.98,bruteforce
51,4.86,6,2,394.85,2.38,2.63,bruteforce
9,4.24,43,2,231.19,2.72,4.43,bruteforce
29,5.3,28,1,356.14,2.71,4.87,bruteforce
51,3.59,1,2,384.97,2.15,3.3,bruteforce
19,0.0,45,2,361.55,2.51,3.35,bruteforce
63,5.52,39,3,306.96,2.56,3.16,bruteforce
45,4.82,5,3,391.86,1.51,3.41,bruteforce
23,2.73,24,1,298.92,1.4,3.42,bruteforce
43,5.27,49,1,243.3,0.78,4.12,bruteforce
30,5.88,27,1,190.49,1.25,3.47,bruteforce
42,4.83,28,2,306.82,2.46,4.67,bruteforce
50,6.4,51,3,342.45,2.64,4.53,bruteforce
36,4.94,6,3,350.56,2.58,4.7,bruteforce
54,6.23,25,1,207.29,3.08,4.77,bruteforce
34,2.36,49,3,367.39,1.37,3.61,bruteforce
55,1.89,27,3,275.9,2.77,4.49,bruteforce
10,4.65,49,2,214.83,1.0,3.61,bruteforce
44,1.29,34,1,369.65,1.92,3.18,bruteforce
16,5.5,31,1,370.27,3.01,4.73,bruteforce
41,1.37,48,1,303.04,1.63,4.98,bruteforce
43,1.62,31,1,309.12,1.55,4.51,bruteforce
30,3.66,9,3,341.08,2.65,3.57,bruteforce
48,0.8,39,1,294.92,1.25,4.32,bruteforce
33,5.71,24,3,406.64,1.76,3.67,bruteforce
55,1.74,11,3,340.09,1.45,3.28,bruteforce
12,4.29,11,1,335.32,1.66,4.95,bruteforce
21,3.09,38,2,366.37,1.16,4.41,bruteforce
24,3.26,35,1,296.32,1.38,3.84,bruteforce
24,5.78,9,1,282.78,3.16,3.53,bruteforce
55,3.53,32,3,355.18,2.11,3.94,bruteforce
55,3.32,30,1,385.73,2.48,4.78,bruteforce
28,2.2,9,3,351.58,2.38,5.0,bruteforce
9,0.76,40,3,240.29,1.67,3.22,bruteforce
10,3.81,25,2,310.47,2.45,3.49,bruteforce
42,2.19,24,1,290.72,1.25,4.13,bruteforce
12,2.86,28,2,294.72,1.69,4.26,bruteforce
34,0.28,27,1,354.0,2.72,3.8,bruteforce
11,1.55,42,3,357.46,2.02,4.46,bruteforce
16,6.12,36,1,375.04,1.42,4.14,bruteforce
29,2.24,41,2,242.65,1.94,4.61,bruteforce
14,3.99,12,1,260.19,2.2,3.85,bruteforce
53,3.24,26,1,300.33,2.36,3.13,bruteforce
48,5.13,12,2,288.69,2.31,4.01,bruteforce
44,5.53,7,3,368.99,1.58,4.94,bruteforce
12,1.69,29,2,290.56,2.5,3.9,bruteforce
40,1.18,35,3,433.43,1.83,4.67,bruteforce
46,4.5,21,2,240.04,2.29,3.38,bruteforce
10,1.79,17,3,350.36,0.91,3.98,bruteforce
45,3.11,13,3,272.69,1.64,4.37,bruteforce
2,2.78,43,2,318.35,2.16,4.05,bruteforce
5,0.17,2,3,316.49,1.98,4.6,bruteforce
7,2.89,42,3,291.54,2.99,3.98,bruteforce
17,2.64,16,3,234.1,2.38,4.37,bruteforce
60,3.09,4,2,297.95,2.72,4.8,bruteforce
11,4.08,17,3,300.78,1.73,4.67,bruteforce
30,5.12,15,1,280.38,1.12,3.93,bruteforce
38,3.5,48,1,368.33,2.01,4.23,bruteforce
10,4.83,47,2,258.37,2.66,4.12,bruteforce
30,1.81,36,1,371.27,2.25,3.05,bruteforce
57,3.73,35,1,183.1,1.28,3.9,bruteforce
0,6.97,34,1,414.0,2.44,4.77,bruteforce
33,5.09,16,1,363.0,0.75,4.21,bruteforce
34,4.24,44,1,341.65,2.23,3.4,bruteforce
17,4.19,28,3,223.49,1.84,3.82,bruteforce
17,4.47,18,2,375.49,3.19,4.04,bruteforce
37,5.96,26,2,297.48,1.44,3.24,bruteforce
30,5.88,16,3,328.08,2.17,3.43,bruteforce
48,3.05,26,1,257.71,2.54,4.36,bruteforce
21,3.84,36,3,232.73,1.91,3.56,bruteforce
27,2.3,30,2,377.13,2.66,4.76,bruteforce
46,1.7,39,2,219.26,2.47,4.02,bruteforce
50,3.62,0,3,175.04,1.03,3.62,bruteforce
25,4.79,20,2,322.2,1.44,4.41,bruteforce
15,4.5,22,1,358.75,2.64,4.21,bruteforce
12,3.15,23,3,229.78,1.97,3.41,bruteforce
51,5.09,17,2,235.42,2.33,4.31,bruteforce
44,3.52,38,1,262.86,2.15,3.24,bruteforce
24,4.03,11,1,248.62,1.77,4.67,bruteforce
34,6.12,22,2,266.62,2.77,3.1,bruteforce
31,4.08,33,1,292.0,1.66,4.36,bruteforce
46,2.05,28,3,234.88,2.52,4.22,bruteforce
37,0.82,33,1,366.1,1.12,2.87,bruteforce
3,1.41,16,1,296.77,2.81,4.02,bruteforce
6,4.19,21,3,401.49,1.64,4.78,bruteforce
59,3.14,46,2,315.77,2.89,4.89,bruteforce
35,2.58,26,1,248.68,2.86,3.45,bruteforce
34,4.73,11,2,222.01,2.06,2.88,bruteforce
24,4.46,40,2,317.19,2.6,4.98,bruteforce
31,1.02,28,2,370.96,1.51,3.87,bruteforce
30,3.4,51,1,178.43,2.3,3.51,bruteforce
25,0.78,5,3,298.5,1.62,3.12,bruteforce
34,4.23,24,1,385.39,1.4,3.18,bruteforce
14,3.18,11,3,240.71,0.86,4.77,bruteforce
10,4.18,48,2,283.13,1.55,4.26,bruteforce
46,5.68,35,1,330.91,1.32,3.56,bruteforce
34,5.28,22,3,410.03,1.23,3.38,bruteforce
37,0.94,26,1,278.91,1.56,3.64,bruteforce
63,3.52,43,1,398.7,2.98,3.07,bruteforce
17,3.25,42,2,328.39,2.66,3.75,bruteforce
17,1.96,34,3,278.72,2.55,3.54,bruteforce
17,3.74,10,2,214.83,1.63,3.31,bruteforce
27,5.48,42,3,321.98,1.9,3.59,bruteforce
0,0.96,3,1,380.25,1.99,3.31,bruteforce
5,4.66,53,3,271.24,2.57,4.22,bruteforce
11,4.26,38,1,206.59,2.51,4.54,bruteforce
11,6.09,47,2,389.75,1.54,3.11,bruteforce
51,3.63,37,3,215.74,1.13,3.69,bruteforce
23,1.55,32,3,357.67,2.56,4.8,bruteforce
40,3.72,12,1,230.98,1.1,3.45,bruteforce
47,2.35,22,2,269.86,2.54,4.75,bruteforce
54,4.61,17,2,309.28,2.72,3.53,bruteforce
11,3.21,40,3,304.89,2.67,4.32,bruteforce
43,1.35,29,1,221.97,2.33,2.85,bruteforce
24,3.31,33,2,237.27,1.17,4.06,bruteforce
20,0.82,25,2,269.68,0.96,4.19,bruteforce
49,5.39,2,1,218.19,2.16,3.19,bruteforce
36,4.94,31,2,296.89,2.24,3.34,bruteforce
44,3.89,22,3,351.16,1.6,4.55,bruteforce
54,5.03,32,3,328.65,2.57,4.46,bruteforce
35,0.73,31,3,225.5,1.36,3.75,bruteforce
36,4.39,5,2,230.21,2.71,3.32,bruteforce
9,3.97,48,3,328.18,1.88,4.26,bruteforce
10,2.86,28,3,211.66,1.86,3.74,bruteforce
41,4.34,18,3,174.21,1.26,3.37,bruteforce
54,2.84,18,1,191.39,2.47,3.65,bruteforce
15,5.12,11,3,203.63,2.0,4.03,bruteforce
46,1.87,11,3,177.38,2.36,3.99,bruteforce
32,1.43,42,2,300.1,2.51,3.35,bruteforce
7,2.78,5,1,382.58,1.07,3.98,bruteforce
25,3.83,30,3,344.14,1.67,5.21,bruteforce
50,5.09,34,3,378.66,2.33,3.4,bruteforce
46,2.12,50,3,384.57,2.28,3.85,bruteforce
24,4.56,46,3,392.26,0.94,3.62,bruteforce
31,1.65,7,3,343.93,1.77,5.1,bruteforce
40,5.94,31,2,196.0,2.5,3.4,bruteforce
31,3.85,61,2,330.15,1.31,4.25,bruteforce
30,5.61,53,2,238.21,0.84,3.5,bruteforce
11,4.36,0,3,351.81,2.39,4.43,bruteforce
4,1.52,22,1,274.28,2.06,3.92,bruteforce
29,3.11,37,1,325.89,2.37,5.32,bruteforce
19,4.86,28,1,361.92,2.47,3.39,bruteforce
31,1.91,40,1,364.15,3.09,2.99,bruteforce
26,4.51,32,2,319.31,2.6,3.32,bruteforce
42,3.63,14,3,277.99,3.18,4.74,bruteforce
31,4.32,27,2,221.83,2.62,4.4,bruteforce
17,2.52,43,3,405.74,1.91,4.12,bruteforce
5,0.45,42,3,316.19,1.84,3.4,bruteforce
39,4.03,9,3,242.29,0.94,4.72,bruteforce
17,1.36,48,3,404.69,1.05,4.01,bruteforce
30,5.12,13,3,338.18,3.12,4.68,bruteforce
0,2.55,34,2,256.77,1.92,4.16,bruteforce
39,0.95,13,3,321.44,1.2,4.25,bruteforce
17,3.89,23,3,265.17,2.14,4.81,bruteforce
33,3.3,40,1,300.94,1.22,4.52,bruteforce
36,6.43,36,3,245.19,2.47,3.65,bruteforce
38,1.71,37,1,199.35,1.64,4.3,bruteforce
51,1.11,25,1,293.02,1.2,5.05,bruteforce
31,5.24,48,0,317.96,1.72,3.79,bruteforce
20,2.8,33,1,390.39,1.31,5.2,bruteforce
40,2.98,10,2,381.57,2.48,4.5,bruteforce
34,5.02,12,2,302.99,2.73,3.77,bruteforce
46,1.82,22,2,278.7,2.33,3.4,bruteforce
40,1.67,22,1,341.65,2.2,4.06,bruteforce
12,1.59,31,3,373.21,1.22,3.72,bruteforce
31,3.42,34,2,319.06,1.15,5.19,bruteforce
9,2.52,33,1,274.72,1.31,4.55,bruteforce
49,2.18,31,3,359.58,3.05,4.59,bruteforce
53,3.08,11,2,291.09,2.39,4.01,bruteforce
54,3.56,40,3,236.8,2.83,2.95,bruteforce
55,5.71,24,3,271.29,2.7,3.51,bruteforce
27,6.21,32,1,251.87,1.4,3.75,bruteforce
27,4.91,38,3,233.51,2.74,3.43,bruteforce
13,3.36,26,1,374.35,1.79,3.64,bruteforce
31,3.77,11,2,387.75,2.53,3.69,bruteforce
40,5.76,32,2,401.63,2.72,3.5,bruteforce
41,3.5,15,2,335.84,1.41,3.65,bruteforce
42,4.39,26,2,342.15,1.22,4.93,bruteforce
18,1.87,17,3,222.54,1.02,4.18,bruteforce
5,5.1,38,1,247.09,2.51,4.53,bruteforce
40,4.28,39,2,201.65,2.44,3.66,bruteforce
20,4.25,7,3,307.22,1.84,3.24,bruteforce
30,2.19,21,2,349.14,1.47,4.64,bruteforce
42,4.26,37,3,392.55,2.78,3.01,bruteforce
46,4.46,51,3,262.38,1.65,3.51,bruteforce
48,5.3,31,3,368.23,2.47,3.71,bruteforce
62,3.79,48,3,263.0,2.93,4.55,bruteforce
6,3.44,54,1,311.31,1.07,3.12,bruteforce
11,2.1,40,2,260.24,2.39,5.01,bruteforce
39,3.97,10,2,367.93,1.65,3.37,bruteforce
15,2.88,15,1,301.78,2.86,5.19,bruteforce
15,4.09,12,1,335.46,3.19,3.86,bruteforce
42,1.23,3,3,257.68,2.79,4.15,bruteforce
61,2.81,11,3,227.53,3.21,4.5,bruteforce
13,4.4,13,1,234.79,1.33,4.94,bruteforce
3,5.15,39,2,332.19,1.79,4.42,bruteforce
48,3.74,42,1,268.99,1.41,3.38,bruteforce
45,2.61,11,3,369.12,1.49,4.17,bruteforce
49,3.35,51,1,400.33,2.81,4.61,bruteforce
17,4.22,12,2,226.43,2.48,4.16,bruteforce
29,2.16,45,0,270.79,2.49,3.52,bruteforce
12,4.77,10,2,413.96,1.3,2.86,bruteforce
29,0.74,28,3,264.19,3.22,5.13,bruteforce
42,2.2,21,3,312.45,2.48,3.35,bruteforce
24,4.07,24,2,261.41,0.81,3.79,bruteforce
58,5.04,26,3,392.41,1.56,3.7,bruteforce
25,3.95,43,3,374.82,1.9,2.99,bruteforce
38,3.6,23,1,276.59,1.23,4.37,bruteforce
24,4.71,5,1,320.83,2.17,3.6,bruteforce
41,1.38,38,1,350.19,3.35,3.08,bruteforce
32,2.68,9,2,326.0,2.3,3.7,bruteforce
58,2.38,16,3,285.26,2.27,4.18,bruteforce
29,0.62,37,2,311.77,1.86,3.95,bruteforce
41,0.83,16,1,188.74,1.32,3.59,bruteforce
0,4.65,7,2,360.51,2.42,4.28,bruteforce
11,2.72,44,3,410.18,1.56,2.58,bruteforce
18,6.33,3,2,346.01,2.45,4.51,bruteforce
56,1.89,10,1,279.6,2.0,4.04,bruteforce
3,1.22,10,1,411.04,2.3,3.99,bruteforce
36,1.03,14,1,192.73,1.51,3.84,bruteforce
9,4.95,43,2,362.01,1.54,3.46,bruteforce
30,6.18,42,3,260.12,1.56,4.63,bruteforce
42,4.63,28,1,347.15,1.05,3.24,bruteforce
54,1.65,26,3,167.02,2.62,4.04,bruteforce
25,5.46,9,3,254.71,2.61,4.03,bruteforce
27,2.25,28,3,242.07,2.36,4.53,bruteforce
33,4.6,22,1,313.14,2.37,4.19,bruteforce
10,0.59,54,2,267.4,1.46,3.38,bruteforce
7,3.06,40,3,215.57,1.67,4.11,bruteforce
36,0.9,29,2,194.96,2.45,4.2,bruteforce
12,4.32,10,2,362.61,2.41,3.03,bruteforce
44,6.68,32,3,420.01,1.86,3.95,bruteforce
30,1.42,12,2,179.52,1.26,4.76,bruteforce
54,2.8,53,1,271.87,1.3,4.88,bruteforce
19,0.8,10,1,380.05,1.46,4.3,bruteforce
18,0.73,29,2,211.84,2.51,3.36,bruteforce
24,1.53,27,3,297.95,2.9,4.16,bruteforce
11,3.1,18,2,304.38,1.24,4.07,bruteforce
11,4.21,9,3,262.77,1.67,4.15,bruteforce
12,6.2,19,3,412.08,2.5,3.86,bruteforce
20,1.64,15,0,300.37,1.94,4.84,bruteforce
63,6.06,13,1,265.06,1.12,3.26,bruteforce
14,3.33,13,3,373.19,1.74,3.19,bruteforce
21,1.94,28,1,303.17,1.44,4.09,bruteforce
31,2.08,2,2,267.67,1.96,4.3,bruteforce
55,3.78,7,2,312.73,2.54,3.15,bruteforce
50,2.92,19,2,240.39,1.04,3.59,bruteforce
8,0.83,43,2,354.54,3.1,3.13,bruteforce
47,2.37,7,2,338.88,2.98,3.43,bruteforce
36,1.1,39,3,295.76,2.46,3.65,bruteforce
27,4.37,38,2,326.23,1.76,3.6,bruteforce
22,4.69,21,3,370.42,1.62,4.21,bruteforce
18,5.28,38,1,360.91,2.55,5.04,bruteforce
56,3.2,23,3,384.7,1.47,4.92,bruteforce
24,4.38,8,2,305.53,2.73,3.55,bruteforce
34,3.37,13,3,231.91,1.6,3.63,bruteforce
50,5.16,29,2,328.14,3.15,3.87,bruteforce
29,2.88,14,1,351.68,2.22,4.4,bruteforce
45,4.96,14,3,376.53,2.58,4.42,bruteforce
19,5.64,37,1,351.01,2.55,4.43,bruteforce
32,1.99,9,2,327.1,2.26,3.22,bruteforce
34,3.97,27,3,343.89,1.97,4.42,bruteforce
20,3.69,23,3,318.59,1.88,3.8,bruteforce
10,0.87,28,1,194.01,1.4,4.1,bruteforce
49,1.67,23,1,293.42,1.56,3.08,bruteforce
31,4.53,40,2,331.86,2.08,4.26,bruteforce
38,5.48,41,3,357.25,1.72,3.16,bruteforce
25,0.77,12,2,378.71,2.69,4.88,bruteforce
1,3.0,45,1,223.73,2.38,3.92,bruteforce
34,3.46,14,2,408.56,1.59,3.9,bruteforce
14,6.03,17,3,252.04,1.85,4.25,bruteforce
11,2.79,12,2,262.53,2.87,2.65,bruteforce
7,5.06,28,1,204.73,1.13,4.78,bruteforce
52,2.56,48,1,279.21,1.99,3.83,bruteforce
22,4.01,39,2,262.0,2.45,3.9,bruteforce
32,3.25,2,2,179.87,1.87,3.96,bruteforce
10,3.44,37,1,322.45,1.32,3.93,bruteforce
24,4.8,24,2,229.99,2.26,3.21,bruteforce
19,3.97,8,3,236.26,1.85,4.62,bruteforce
29,5.01,8,2,226.49,1.76,4.68,bruteforce
43,4.62,14,3,407.89,2.59,4.0,bruteforce
12,4.06,19,1,251.48,2.44,3.81,bruteforce
18,2.62,38,3,265.96,1.78,5.15,bruteforce
8,2.09,47,2,393.46,2.63,3.1,bruteforce
33,2.28,3,2,382.14,2.07,3.11,bruteforce
40,5.65,44,3,403.39,1.03,5.16,bruteforce
11,3.46,10,3,301.93,1.99,4.34,bruteforce
17,3.22,5,2,342.85,1.99,4.4,bruteforce
30,2.0,19,3,306.38,2.85,4.79,bruteforce
49,5.51,32,2,410.86,1.74,3.82,bruteforce
30,4.29,54,2,328.87,2.71,5.0,bruteforce
26,3.12,9,1,289.74,1.28,4.47,bruteforce
48,0.63,38,3,294.74,2.55,4.48,bruteforce
41,5.35,27,1,373.01,2.8,3.59,bruteforce
40,5.04,53,3,220.95,2.08,3.96,bruteforce
49,3.55,41,3,337.02,1.22,3.1,bruteforce
43,3.91,54,3,383.52,1.78,3.78,bruteforce
11,3.99,16,3,231.26,2.1,3.71,bruteforce
34,4.16,39,3,209.66,2.08,3.24,bruteforce
15,2.41,50,3,333.39,2.54,4.71,bruteforce
27,3.38,41,2,257.4,2.19,4.23,bruteforce
44,1.88,34,1,281.21,1.49,4.22,bruteforce
16,1.67,21,3,391.61,1.18,4.82,bruteforce
25,2.37,8,2,234.93,2.5,3.03,bruteforce
24,4.09,27,1,394.79,2.27,4.92,bruteforce
50,6.51,25,1,236.9,2.72,3.61,bruteforce
38,3.67,52,1,222.03,2.26,4.8,bruteforce
47,3.98,46,3,321.9,1.83,4.81,bruteforce
30,5.61,32,1,231.3,2.2,4.7,bruteforce
21,5.6,30,2,371.09,1.72,4.48,bruteforce
30,4.92,45,3,354.66,2.75,3.69,bruteforce
53,1.29,31,2,237.15,2.12,3.39,bruteforce
12,5.93,41,1,438.87,1.34,4.55,bruteforce
20,1.6,14,1,195.88,1.59,5.02,bruteforce
5,3.33,39,3,367.19,1.02,4.32,bruteforce
30,1.96,15,1,366.88,1.9,4.43,bruteforce
24,2.8,50,3,419.09,2.04,3.71,bruteforce
45,1.9,14,1,232.53,2.34,2.9,bruteforce
22,4.36,0,2,320.7,1.61,3.7,bruteforce
13,2.82,34,3,346.18,1.84,4.43,bruteforce
28,1.33,31,3,323.39,2.26,3.54,bruteforce
18,0.1,36,2,241.54,1.85,4.37,bruteforce
39,6.28,10,3,203.99,1.27,2.91,bruteforce
17,0.33,17,2,222.03,2.97,3.75,bruteforce
53,3.29,27,3,292.69,1.95,4.1,bruteforce
14,2.32,49,3,202.94,2.7,3.87,bruteforce
39,3.93,43,3,251.0,2.19,2.64,bruteforce
16,7.19,5,3,183.67,2.74,4.2,bruteforce
14,3.09,24,2,374.44,1.81,2.96,bruteforce
45,1.08,13,3,272.72,1.33,4.19,bruteforce
26,2.35,9,1,428.06,1.84,4.78,bruteforce
59,1.4,20,3,348.28,1.35,3.64,bruteforce
34,4.31,35,1,356.04,1.53,3.93,bruteforce
44,5.28,24,2,293.24,2.16,4.89,bruteforce
10,5.75,23,2,223.98,2.76,3.17,bruteforce
46,5.36,33,2,360.95,1.59,4.07,bruteforce
10,3.98,26,1,304.89,2.06,3.61,bruteforce
35,4.54,9,1,321.55,2.35,4.88,bruteforce
41,1.61,3,3,333.51,1.69,4.04,bruteforce
17,4.48,38,3,248.36,2.42,4.8,bruteforce
12,4.72,38,3,203.84,1.26,4.39,bruteforce
35,4.12,36,2,238.48,2.04,3.77,bruteforce
24,2.93,16,2,375.72,1.14,4.54,bruteforce
54,1.92,35,3,295.07,2.09,3.3,bruteforce
40,6.78,18,3,317.75,1.64,3.26,bruteforce
42,1.02,38,3,295.91,1.56,4.11,bruteforce
45,1.45,42,1,259.29,2.96,3.38,bruteforce
4,2.13,6,2,341.63,1.53,4.69,bruteforce
34,2.58,8,1,325.62,2.34,4.14,bruteforce
37,5.94,28,1,375.94,2.41,3.14,bruteforce
38,3.41,38,2,272.99,1.06,4.02,bruteforce
9,4.05,18,3,305.27,2.73,3.68,bruteforce
13,6.45,52,1,351.79,2.39,4.46,bruteforce
49,3.25,31,3,270.69,1.54,3.91,bruteforce
12,0.77,20,3,234.28,1.51,4.55,bruteforce
53,5.53,54,1,359.89,1.39,4.44,bruteforce
26,1.83,46,3,252.35,1.39,3.4,bruteforce
11,6.13,12,2,367.05,1.92,3.92,bruteforce
38,2.67,42,1,372.59,1.69,4.84,bruteforce
11,5.35,40,1,290.88,1.05,3.75,bruteforce
23,4.8,37,1,413.64,2.44,5.24,bruteforce
16,0.86,37,2,265.38,1.24,3.7,bruteforce
36,2.33,44,3,223.14,1.8,3.6,bruteforce
6,4.49,28,3,299.95,2.37,4.84,bruteforce
38,4.44,33,1,219.61,1.41,3.19,bruteforce
12,1.0,55,2,336.09,2.77,4.18,bruteforce
16,6.0,16,2,248.25,1.98,3.05,bruteforce
12,3.56,4,1,329.62,1.96,3.84,bruteforce
28,5.06,0,3,227.39,1.93,3.7,bruteforce
30,2.29,41,1,257.35,2.52,4.48,bruteforce
55,4.58,24,2,322.91,2.97,3.77,bruteforce
37,3.17,42,2,325.29,1.64,3.32,bruteforce
10,1.08,41,1,216.4,1.65,4.34,bruteforce
26,3.98,20,1,231.91,2.77,3.63,bruteforce
48,6.41,15,3,349.73,2.81,4.42,bruteforce
49,2.22,52,2,372.55,1.65,4.53,bruteforce
26,4.08,49,2,222.95,1.28,3.13,bruteforce
27,0.73,20,3,382.47,1.2,4.57,bruteforce
50,3.22,4,3,259.2,2.53,4.34,bruteforce
13,1.03,46,1,400.9,2.51,3.1,bruteforce
23,4.09,43,3,219.1,2.12,4.69,bruteforce
8,4.91,13,1,223.35,2.61,3.3,bruteforce
12,4.07,48,3,403.39,1.78,3.09,bruteforce
42,1.42,41,3,223.37,2.1,4.05,bruteforce
17,1.45,54,1,220.92,2.71,4.09,bruteforce
67,0.23,17,3,329.16,1.94,4.92,bruteforce
21,1.91,24,2,319.24,2.5,5.0,bruteforce
59,3.86,1,2,258.98,2.56,3.44,bruteforce
25,3.8,26,3,348.69,1.63,4.52,bruteforce
33,3.96,16,1,242.46,1.15,3.94,bruteforce
8,3.51,35,3,192.8,1.83,3.05,bruteforce
13,5.8,13,1,344.67,2.59,3.37,bruteforce
30,2.34,34,3,393.29,2.46,3.76,bruteforce
12,5.2,42,1,209.43,1.15,3.66,bruteforce
20,3.48,39,1,312.33,1.29,3.35,bruteforce
29,3.16,15,2,242.18,1.32,4.39,bruteforce
36,5.73,47,3,337.63,2.72,4.28,bruteforce
24,5.66,23,2,412.81,0.78,3.18,bruteforce
0,5.63,4,1,220.43,1.34,4.16,bruteforce
30,3.18,39,2,378.73,1.63,3.31,bruteforce
50,3.86,10,2,224.79,1.31,4.63,bruteforce
13,3.77,41,3,325.18,1.02,3.57,bruteforce
21,4.11,15,3,289.45,3.05,4.18,bruteforce
31,5.86,13,3,277.8,0.95,4.64,bruteforce
31,4.06,45,1,266.5,2.86,3.46,bruteforce
22,6.88,43,3,350.53,2.23,4.69,bruteforce
17,2.71,32,1,262.99,1.23,4.86,bruteforce
28,3.03,24,3,271.21,1.28,3.41,bruteforce
16,1.83,10,3,325.06,1.08,3.39,bruteforce
2,5.18,33,2,194.54,1.6,3.01,bruteforce
47,5.3,42,1,269.4,3.14,3.76,bruteforce
28,5.65,3,2,221.87,2.72,4.0,bruteforce
24,1.98,9,1,213.8,3.12,3.98,bruteforce
26,5.21,8,3,330.43,2.62,4.64,bruteforce
13,5.12,43,2,237.38,3.0,3.53,bruteforce
30,3.23,29,1,315.12,1.85,4.8,bruteforce
36,0.48,9,1,352.58,2.38,3.52,bruteforce
55,5.6,44,2,249.67,2.48,3.38,bruteforce
8,5.43,30,3,212.9,0.83,4.04,bruteforce
18,1.96,32,3,350.22,2.86,4.06,bruteforce
31,4.04,41,1,320.55,1.55,3.58,bruteforce
18,3.03,3,2,376.66,1.9,4.74,bruteforce
0,6.09,46,1,311.66,1.7,4.06,bruteforce
47,4.54,34,1,404.69,1.93,4.53,bruteforce
49,3.75,23,3,333.44,1.62,4.67,bruteforce
10,0.96,43,2,207.26,2.58,4.4,bruteforce
17,2.87,27,2,251.79,1.37,3.75,bruteforce
19,4.24,38,1,340.11,1.86,3.44,bruteforce
21,6.0,1,2,295.73,1.93,4.89,bruteforce
32,2.66,14,3,195.69,1.56,5.07,bruteforce
34,2.24,3,3,337.88,2.12,2.61,bruteforce
3,4.96,47,3,232.62,2.23,4.69,bruteforce
19,1.0,24,3,320.07,1.51,3.47,bruteforce
45,5.27,46,1,290.43,1.29,3.85,bruteforce
33,2.72,48,1,268.77,1.53,4.18,bruteforce
37,4.56,52,3,335.05,2.0,5.07,bruteforce
48,5.16,49,2,288.0,1.06,3.39,bruteforce
26,3.53,37,1,352.47,3.08,3.69,bruteforce
8,1.09,45,3,298.76,2.13,3.75,bruteforce
18,4.52,34,2,365.36,1.84,3.09,bruteforce
16,1.56,29,1,213.2,2.37,4.72,bruteforce
14,0.12,44,1,355.47,0.87,3.85,bruteforce
60,1.35,19,3,323.8,3.05,4.59,bruteforce
22,3.43,4,2,370.83,2.54,3.5,bruteforce
40,5.31,47,3,329.44,3.07,4.1,bruteforce
30,6.36,40,3,387.33,1.96,3.39,bruteforce
23,6.52,42,1,393.03,1.65,5.11,bruteforce
9,3.07,46,1,427.89,1.83,2.85,bruteforce
55,4.33,15,1,371.52,1.02,3.18,bruteforce
29,5.08,11,1,298.91,2.4,3.73,bruteforce
51,4.04,24,1,215.08,1.98,4.53,bruteforce
18,0.86,19,3,241.43,1.52,3.43,bruteforce
54,6.36,5,1,346.4,2.55,4.69,bruteforce
27,4.25,46,1,342.62,2.26,4.68,bruteforce
17,6.22,48,3,315.39,1.99,4.63,bruteforce
36,3.67,12,3,303.55,1.28,4.5,bruteforce
39,4.71,29,3,328.06,2.8,4.98,bruteforce
23,4.57,19,3,232.41,3.0,4.21,bruteforce
5,0.57,37,3,358.8,1.9,5.12,bruteforce
19,4.64,40,2,218.53,2.03,5.02,bruteforce
16,5.33,38,1,376.02,2.58,3.33,bruteforce
44,3.27,23,3,278.63,2.44,4.37,bruteforce
37,1.36,39,3,227.9,2.54,3.98,bruteforce
38,3.09,22,2,322.48,2.25,3.79,bruteforce
43,3.25,20,3,247.77,3.26,4.53,bruteforce
18,5.26,41,3,354.87,1.26,2.95,bruteforce
45,2.02,12,3,322.36,1.3,2.9,bruteforce
21,1.07,24,3,348.25,2.65,3.29,bruteforce
55,3.69,21,1,380.86,2.1,3.46,bruteforce
43,3.71,45,3,335.74,2.01,3.23,bruteforce
63,5.6,4,3,256.26,3.18,3.91,bruteforce
14,1.15,9,2,303.88,2.28,3.56,bruteforce
40,4.09,46,2,295.11,0.83,4.25,bruteforce
45,2.39,18,3,217.15,2.2,3.63,bruteforce
6,4.14,15,3,324.22,1.38,4.48,bruteforce
30,6.01,50,1,336.02,1.76,4.38,bruteforce
32,3.84,17,1,355.84,2.83,3.37,bruteforce
20,5.63,28,2,255.12,1.37,3.73,bruteforce
30,1.53,43,1,363.53,0.94,3.62,bruteforce
26,3.4,4,3,191.17,1.71,3.2,bruteforce
46,3.79,0,1,310.46,1.6,4.19,bruteforce
25,2.26,43,2,368.04,0.98,3.56,bruteforce
10,0.55,4,3,199.98,1.66,3.46,bruteforce
28,4.85,29,2,375.93,2.08,4.84,bruteforce
31,5.36,23,3,395.22,1.29,5.18,bruteforce
41,1.94,41,2,361.09,2.97,3.3,bruteforce
24,1.44,23,2,202.6,2.4,4.6,bruteforce
38,2.09,38,2,306.85,1.81,5.14,bruteforce
41,2.8,43,2,338.37,1.1,3.89,bruteforce
54,2.45,23,1,250.74,1.85,4.93,bruteforce
25,1.3,33,1,279.17,1.27,3.08,bruteforce
18,4.7,42,1,304.79,2.13,4.73,bruteforce
50,1.98,24,2,356.07,1.92,4.29,bruteforce
29,1.71,28,2,240.09,1.51,4.73,bruteforce
46,4.8,9,3,268.5,0.97,3.67,bruteforce
35,2.15,28,2,213.51,2.7,3.55,bruteforce
47,4.63,39,2,394.58,2.98,3.49,bruteforce
15,3.73,16,3,319.43,2.27,5.0,bruteforce
6,2.2,13,3,304.11,1.27,3.79,bruteforce
41,3.6,28,2,274.7,2.62,3.41,bruteforce
36,5.43,14,2,371.93,0.65,4.23,bruteforce
15,5.5,31,2,378.78,2.47,3.59,bruteforce
21,3.65,2,1,417.77,2.63,3.25,sql_injection
20,2.85,3,2,420.26,1.72,2.76,sql_injection
29,2.68,0,2,843.34,8.62,3.34,sql_injection
20,2.03,3,3,604.33,5.01,2.01,sql_injection
22,5.87,2,1,617.46,5.19,3.2,sql_injection
14,3.27,2,3,623.58,2.64,2.37,sql_injection
16,8.36,4,1,363.32,8.84,2.52,sql_injection
8,9.02,4,2,746.75,4.76,3.01,sql_injection
6,6.62,1,1,631.28,2.18,2.16,sql_injection
22,6.59,6,1,616.73,5.11,3.25,sql_injection
2,3.38,7,1,368.4,7.41,2.32,sql_injection
23,7.2,2,1,714.65,2.44,2.98,sql_injection
11,5.46,0,1,827.31,5.88,2.73,sql_injection
26,6.01,6,3,420.5,4.76,3.27,sql_injection
26,7.17,0,1,535.91,6.69,2.21,sql_injection
11,9.16,2,3,652.47,5.54,2.62,sql_injection
5,3.45,0,3,458.81,2.0,2.84,sql_injection
18,7.43,7,2,309.09,7.76,2.82,sql_injection
9,4.94,5,3,921.88,5.13,1.86,sql_injection
19,3.78,0,1,520.29,8.29,1.59,sql_injection
26,6.84,4,3,921.93,3.55,2.02,sql_injection
5,7.49,0,1,532.09,6.57,2.48,sql_injection
27,3.31,0,3,788.66,5.74,3.33,sql_injection
35,7.93,2,1,493.99,3.46,2.04,sql_injection
18,5.94,2,2,425.28,1.94,2.76,sql_injection
6,4.03,0,1,773.5,8.39,3.1,sql_injection
3,6.16,3,3,770.34,5.04,2.59,sql_injection
7,4.72,1,3,671.98,6.73,2.55,sql_injection
7,7.04,2,1,276.75,2.02,2.26,sql_injection
33,5.98,6,2,492.77,6.15,2.23,sql_injection
9,8.87,1,2,431.01,5.92,2.78,sql_injection
23,5.06,0,2,489.06,7.18,2.88,sql_injection
16,8.93,3,2,677.62,2.82,2.57,sql_injection
23,2.26,0,2,548.35,6.49,2.59,sql_injection
27,2.08,1,3,577.24,7.64,3.4,sql_injection
22,2.25,1,3,680.95,5.21,3.08,sql_injection
9,3.93,4,3,686.6,5.36,3.13,sql_injection
9,9.13,6,3,636.71,4.8,3.0,sql_injection
4,8.22,2,2,473.12,4.23,2.84,sql_injection
28,6.59,7,2,765.92,2.02,3.26,sql_injection
6,3.16,6,1,665.1,6.99,2.64,sql_injection
3,2.65,1,2,797.07,8.64,3.58,sql_injection
12,9.82,0,1,602.69,6.18,2.14,sql_injection
20,8.24,6,2,741.18,8.58,2.44,sql_injection
4,2.52,4,1,443.0,6.29,2.43,sql_injection
25,4.66,1,1,678.71,5.07,3.21,sql_injection
10,5.13,4,1,802.73,2.25,2.75,sql_injection
12,7.58,2,2,630.98,3.08,2.23,sql_injection
9,10.09,3,2,338.7,7.51,2.2,sql_injection
15,5.23,6,2,830.09,8.32,3.49,sql_injection
11,2.58,5,1,560.46,4.9,3.24,sql_injection
20,4.37,3,1,683.16,5.38,2.25,sql_injection
26,3.56,1,2,380.64,5.39,2.02,sql_injection
3,5.07,5,2,573.97,7.17,3.11,sql_injection
9,4.08,2,1,872.68,4.6,2.95,sql_injection
18,4.44,1,3,724.45,6.53,2.42,sql_injection
10,0.68,0,3,621.81,4.97,2.05,sql_injection
22,3.99,3,2,662.27,5.72,2.51,sql_injection
34,4.95,1,2,456.7,6.71,2.09,sql_injection
29,7.17,0,2,506.58,4.39,2.47,sql_injection
33,1.48,2,3,640.05,6.24,3.75,sql_injection
13,5.82,4,2,830.35,3.51,3.21,sql_injection
14,9.93,1,2,809.38,7.5,3.18,sql_injection
3,6.59,1,1,755.52,6.8,2.09,sql_injection
25,1.12,2,1,749.06,2.12,3.31,sql_injection
30,4.46,5,3,758.71,4.64,2.96,sql_injection
21,5.93,2,1,553.58,5.79,3.13,sql_injection
18,3.6,2,2,725.09,7.24,2.83,sql_injection
8,8.4,1,1,509.11,3.89,2.45,sql_injection
9,6.63,4,1,573.41,4.62,1.84,sql_injection
21,8.6,2,3,846.59,5.19,3.49,sql_injection
32,6.08,2,1,342.61,2.39,2.45,sql_injection
9,6.52,0,2,610.6,1.84,3.0,sql_injection
4,6.18,1,1,677.15,5.59,3.32,sql_injection
31,7.66,2,3,637.06,4.24,2.39,sql_injection
28,8.91,3,3,499.44,2.02,2.53,sql_injection
24,3.14,0,3,538.76,7.41,2.5,sql_injection
10,3.72,3,2,893.43,2.33,2.11,sql_injection
13,3.43,1,1,894.03,4.95,2.42,sql_injection
0,3.22,3,2,469.14,5.26,2.13,sql_injection
23,6.53,4,3,301.86,2.73,2.48,sql_injection
16,8.79,6,3,807.3,8.44,2.31,sql_injection
3,8.86,6,1,793.25,3.37,2.28,sql_injection
21,8.44,5,2,584.38,6.59,3.17,sql_injection
6,7.09,3,2,526.86,7.01,1.91,sql_injection
10,6.52,0,1,457.12,6.41,2.02,sql_injection
21,1.68,0,2,650.17,3.73,2.48,sql_injection
3,3.51,2,1,591.49,6.63,3.02,sql_injection
21,3.84,4,1,453.68,5.06,2.43,sql_injection
1,7.59,2,1,559.57,4.64,3.12,sql_injection
3,6.69,2,3,410.72,6.3,2.03,sql_injection
22,10.11,0,3,587.25,6.56,3.21,sql_injection
2,5.8,0,2,559.04,3.57,2.71,sql_injection
5,5.93,5,3,884.45,7.67,2.85,sql_injection
21,5.39,6,1,319.53,7.8,2.91,sql_injection
20,4.53,0,1,772.59,2.92,3.15,sql_injection
24,7.84,1,2,690.34,6.82,3.47,sql_injection
5,8.16,5,1,581.25,4.24,3.25,sql_injection
8,7.85,0,3,516.83,3.49,2.37,sql_injection
15,7.88,5,1,814.51,6.88,3.59,sql_injection
18,4.94,1,1,433.3,7.37,2.6,sql_injection
12,5.48,3,3,584.78,5.65,3.26,sql_injection
15,2.51,1,2,687.27,3.78,2.62,sql_injection
2,1.74,5,3,700.07,5.45,2.58,sql_injection
18,7.74,4,3,617.9,3.01,2.66,sql_injection
14,8.4,0,2,591.87,3.94,3.57,sql_injection
13,8.57,4,2,822.63,1.69,2.78,sql_injection
22,4.08,7,2,882.97,7.53,3.1,sql_injection
17,2.16,5,3,702.16,2.1,3.52,sql_injection
21,5.23,0,1,966.74,6.32,3.41,sql_injection
15,3.67,7,2,749.38,5.73,3.7,sql_injection
16,3.67,1,2,642.06,3.99,2.97,sql_injection
19,2.11,2,1,786.77,5.0,2.31,sql_injection
5,8.11,4,2,855.71,3.97,2.83,sql_injection
16,3.83,4,3,589.25,8.14,3.5,sql_injection
15,7.65,2,2,674.3,6.2,2.28,sql_injection
9,7.56,5,1,309.0,6.16,2.35,sql_injection
3,9.34,3,3,672.88,3.25,1.89,sql_injection
5,7.99,3,2,769.96,4.85,3.01,sql_injection
15,4.5,0,2,650.1,7.08,3.29,sql_injection
17,6.42,5,3,454.81,3.18,2.16,sql_injection
19,2.23,4,3,542.8,4.83,2.49,sql_injection
20,0.42,7,1,795.65,5.91,2.25,sql_injection
0,5.65,1,2,735.73,3.87,3.17,sql_injection
7,6.37,1,2,455.25,7.37,2.52,sql_injection
8,8.27,0,3,664.92,6.56,2.82,sql_injection
6,4.83,6,4,723.3,4.9,2.18,sql_injection
14,9.29,2,2,843.33,4.51,2.97,sql_injection
27,2.58,6,1,675.22,5.65,2.6,sql_injection
15,7.42,7,3,736.02,5.31,2.56,sql_injection
4,7.0,2,3,524.54,5.48,1.89,sql_injection
20,2.0,1,2,436.11,6.29,2.61,sql_injection
26,8.92,5,1,423.11,8.24,2.93,sql_injection
7,7.19,1,2,383.86,3.66,3.11,sql_injection
14,3.09,5,2,534.36,4.36,3.01,sql_injection
24,2.68,6,3,611.87,4.05,2.59,sql_injection
24,8.51,4,2,710.23,7.1,2.71,sql_injection
13,4.52,5,1,480.84,6.91,2.16,sql_injection
5,8.34,1,1,878.35,6.96,2.81,sql_injection
12,2.67,2,3,773.08,5.01,2.27,sql_injection
19,6.51,4,1,561.51,7.93,3.69,sql_injection
21,4.07,3,1,623.6,6.63,2.83,sql_injection
23,4.25,1,1,754.27,1.84,2.97,sql_injection
21,6.11,6,1,492.67,4.56,2.32,sql_injection
23,3.61,2,1,737.13,2.3,2.43,sql_injection
11,4.23,0,3,567.81,5.6,2.23,sql_injection
16,7.14,1,3,852.54,4.94,3.16,sql_injection
30,1.46,1,3,733.14,5.85,3.14,sql_injection
35,2.77,0,1,460.82,2.26,3.07,sql_injection
4,6.08,0,2,778.67,4.9,2.09,sql_injection
18,8.17,2,1,762.93,5.86,2.79,sql_injection
21,7.45,5,1,620.7,5.99,2.44,sql_injection
4,7.33,0,3,593.13,2.31,3.54,sql_injection
11,7.77,0,0,473.83,6.99,3.15,sql_injection
3,3.68,3,1,776.04,3.38,2.82,sql_injection
27,7.79,4,3,369.26,5.89,3.35,sql_injection
16,5.99,3,2,529.79,1.91,2.06,sql_injection
9,4.58,5,2,690.6,0.95,2.46,sql_injection
5,3.68,5,3,473.14,3.84,3.22,sql_injection
6,5.99,1,1,793.14,8.23,2.48,sql_injection
14,2.7,3,2,318.68,5.98,3.47,sql_injection
26,5.85,6,1,836.26,3.21,3.02,sql_injection
18,1.07,5,2,663.06,7.52,2.72,sql_injection
11,5.34,1,1,648.15,4.32,3.1,sql_injection
24,3.17,6,1,793.02,6.85,1.81,sql_injection
2,5.64,1,3,436.73,5.29,2.86,sql_injection
25,6.01,5,1,547.55,6.29,2.41,sql_injection
26,4.29,3,3,454.34,6.06,3.02,sql_injection
26,8.0,2,2,391.25,5.61,3.74,sql_injection
10,6.15,6,1,625.38,2.97,2.12,sql_injection
0,0.91,3,3,811.09,7.0,3.34,sql_injection
18,6.8,6,2,627.74,6.74,3.29,sql_injection
0,3.36,4,3,712.82,2.51,2.17,sql_injection
24,1.96,5,2,798.12,4.49,1.87,sql_injection
24,6.86,5,2,903.78,8.39,2.78,sql_injection
22,2.45,4,3,566.32,6.85,3.51,sql_injection
15,4.62,6,3,852.79,6.33,2.81,sql_injection
11,4.54,6,2,717.7,3.97,2.83,sql_injection
27,5.93,0,2,522.85,5.48,2.63,sql_injection
26,7.98,3,1,559.58,4.53,2.22,sql_injection
17,6.82,3,3,752.41,3.23,2.3,sql_injection
4,2.11,5,3,403.14,4.01,3.45,sql_injection
6,0.84,2,1,395.78,6.69,2.35,sql_injection
14,8.09,6,3,779.91,7.08,3.3,sql_injection
9,6.86,2,1,510.82,5.27,2.11,sql_injection
28,8.64,1,3,826.56,6.97,2.86,sql_injection
23,4.1,5,2,739.18,6.85,3.53,sql_injection
17,3.6,0,1,826.88,6.22,3.04,sql_injection
24,2.17,3,3,422.75,6.09,3.25,sql_injection
14,3.98,1,2,483.8,1.92,3.43,sql_injection
26,2.59,5,2,676.28,6.99,2.59,sql_injection
24,6.3,1,1,745.06,4.28,3.45,sql_injection
0,6.03,0,2,344.41,6.57,2.32,sql_injection
10,9.52,4,3,621.11,5.09,2.81,sql_injection
5,2.94,5,2,612.1,6.37,3.44,sql_injection
2,7.14,2,3,677.76,5.21,1.94,sql_injection
17,4.98,1,3,696.55,1.87,2.6,sql_injection
31,5.36,0,2,388.64,3.75,3.32,sql_injection
14,5.56,4,3,915.86,6.41,2.37,sql_injection
11,3.39,6,1,775.64,7.49,3.26,sql_injection
14,7.48,7,2,826.55,7.61,2.91,sql_injection
13,6.64,6,2,694.28,3.35,2.11,sql_injection
27,7.92,6,3,612.41,3.48,3.41,sql_injection
31,4.8,4,2,648.64,6.62,3.01,sql_injection
22,3.73,5,3,626.82,2.42,2.47,sql_injection
9,8.74,1,2,786.9,5.04,2.98,sql_injection
23,6.38,5,3,627.28,1.93,2.75,sql_injection
22,4.52,1,2,563.34,2.86,2.17,sql_injection
9,8.3,0,1,301.16,6.89,3.26,sql_injection
9,1.32,0,1,582.77,2.5,2.45,sql_injection
22,3.49,0,3,407.28,5.77,3.12,sql_injection
24,5.4,3,1,385.6,7.33,2.65,sql_injection
3,1.78,3,1,603.17,6.09,3.44,sql_injection
10,5.75,6,1,511.82,3.13,1.97,sql_injection
15,8.21,1,2,784.5,4.84,3.39,sql_injection
24,5.03,0,1,606.69,4.79,2.14,sql_injection
31,5.03,3,3,699.32,7.16,2.22,sql_injection
0,5.46,7,2,740.0,8.01,2.61,sql_injection
20,3.89,4,2,596.22,3.78,3.22,sql_injection
1,8.21,4,1,520.85,5.43,2.35,sql_injection
27,7.22,5,2,675.47,6.06,2.67,sql_injection
6,5.56,3,3,327.77,4.74,2.16,sql_injection
28,7.58,3,3,444.63,3.46,2.15,sql_injection
1,2.32,4,1,324.58,3.58,3.35,sql_injection
21,1.48,3,2,883.75,3.78,2.22,sql_injection
27,5.52,6,2,407.89,6.59,2.91,sql_injection
26,8.44,4,2,660.94,4.22,2.2,sql_injection
11,3.79,5,3,757.54,4.51,2.53,sql_injection
23,8.06,7,2,917.84,7.14,2.48,sql_injection
2,4.05,2,4,492.54,6.85,2.81,sql_injection
16,6.22,7,1,641.01,1.98,3.46,sql_injection
0,3.81,4,3,610.36,7.48,3.51,sql_injection
15,5.25,4,2,889.61,5.47,2.75,sql_injection
27,4.65,2,1,780.75,3.77,2.51,sql_injection
21,3.37,4,2,403.33,2.77,2.03,sql_injection
30,4.92,1,3,864.43,2.86,2.18,sql_injection
19,4.84,2,1,515.89,2.04,3.31,sql_injection
3,6.37,3,1,371.94,6.64,3.17,sql_injection
10,5.17,1,3,668.6,6.92,3.38,sql_injection
5,2.41,6,3,763.86,4.6,2.31,sql_injection
19,6.49,6,3,904.44,3.74,3.41,sql_injection
9,9.32,3,2,696.35,5.22,3.05,sql_injection
29,7.26,5,2,404.1,8.12,1.89,sql_injection
10,5.08,0,1,568.37,6.91,3.09,sql_injection
18,8.48,3,1,826.82,7.77,2.44,sql_injection
21,5.2,0,2,682.48,3.58,2.25,sql_injection
21,4.66,6,2,586.19,3.07,2.65,sql_injection
14,7.44,6,3,511.36,8.77,1.86,sql_injection
17,7.16,4,1,357.22,6.48,3.09,sql_injection
2,1.9,2,1,493.49,2.26,2.68,sql_injection
15,6.93,4,1,550.65,2.13,3.41,sql_injection
19,7.66,6,1,765.8,4.7,2.67,sql_injection
26,6.49,5,1,428.79,2.96,2.09,sql_injection
15,3.96,1,1,371.32,8.02,3.29,sql_injection
5,4.93,0,1,421.77,6.13,2.95,sql_injection
10,2.97,3,2,807.61,2.22,2.14,sql_injection
19,8.97,3,1,849.63,3.54,3.33,sql_injection
20,9.17,5,3,556.52,4.2,2.4,sql_injection
8,6.39,6,2,509.7,1.8,2.52,sql_injection
11,8.57,0,1,317.74,7.12,3.6,sql_injection
15,1.79,2,3,279.4,7.93,2.95,sql_injection
28,3.44,4,2,629.8,4.46,2.77,sql_injection
12,5.5,2,3,876.07,2.62,3.12,sql_injection
3,2.33,0,3,376.52,1.73,2.04,sql_injection
29,5.47,5,2,496.65,5.39,3.14,sql_injection
2,4.03,1,1,649.71,3.62,2.95,sql_injection
22,2.69,2,2,689.88,2.77,2.06,sql_injection
6,8.09,4,2,526.56,4.21,2.57,sql_injection
16,0.68,5,1,374.9,8.0,3.32,sql_injection
7,5.55,2,1,645.47,5.03,2.73,sql_injection
32,7.84,2,3,852.87,2.99,2.76,sql_injection
11,5.2,2,2,499.71,2.23,3.16,sql_injection
12,3.41,0,1,767.69,8.47,1.92,sql_injection
23,2.2,6,3,594.38,5.77,3.45,sql_injection
5,3.07,0,3,422.66,6.56,2.7,sql_injection
18,3.17,0,1,397.19,4.21,2.54,sql_injection
20,9.25,5,3,804.1,2.42,2.1,sql_injection
16,9.38,1,2,879.56,6.86,2.79,sql_injection
13,6.31,0,2,613.35,2.16,3.41,sql_injection
5,4.6,1,3,835.74,4.2,3.37,sql_injection
25,2.55,0,3,842.66,6.3,2.79,sql_injection
27,3.66,6,1,604.91,2.95,3.32,sql_injection
10,4.56,3,3,830.36,1.53,3.45,sql_injection
23,4.95,4,2,465.6,3.56,3.4,sql_injection
5,5.7,4,2,539.89,2.71,3.16,sql_injection
27,1.61,1,1,758.36,5.76,3.43,sql_injection
29,7.59,5,1,475.93,6.64,3.41,sql_injection
28,2.65,0,1,473.19,4.87,3.48,sql_injection
2,2.34,2,2,932.02,3.26,2.87,sql_injection
6,6.34,1,3,914.43,5.26,3.67,sql_injection
14,8.1,0,3,378.63,6.41,3.52,sql_injection
23,8.68,1,3,646.5,3.77,2.33,sql_injection
6,7.0,6,2,564.42,5.91,3.43,sql_injection
17,1.06,5,3,788.09,8.18,3.49,sql_injection
16,2.93,6,1,641.45,3.03,2.65,sql_injection
27,5.16,0,2,734.21,3.49,2.77,sql_injection
20,7.77,0,1,401.96,5.08,2.74,sql_injection
24,5.51,6,1,320.71,6.86,2.72,sql_injection
19,5.68,7,1,427.33,3.12,3.29,sql_injection
0,4.48,7,3,619.82,4.11,2.83,sql_injection
11,3.2,4,2,851.71,7.29,2.33,sql_injection
18,1.69,0,1,455.07,4.6,2.87,sql_injection
26,8.03,0,3,710.59,4.06,3.19,sql_injection
8,2.65,1,2,885.37,4.04,2.09,sql_injection
29,5.81,4,1,480.62,3.21,2.31,sql_injection
18,9.69,5,3,615.33,2.87,2.52,sql_injection
17,2.09,4,1,687.41,7.09,3.14,sql_injection
4,8.34,3,1,719.93,7.53,2.26,sql_injection
7,8.18,3,3,613.36,4.28,2.64,sql_injection
17,4.3,3,1,603.4,2.48,2.54,sql_injection
0,4.94,2,1,788.59,6.16,2.0,sql_injection
26,4.79,3,1,744.0,2.65,2.3,sql_injection
21,9.6,3,1,706.38,8.54,3.56,sql_injection
28,6.17,3,3,630.87,5.1,2.18,sql_injection
35,4.93,5,1,444.94,6.14,2.57,sql_injection
0,6.7,2,1,849.61,3.05,2.45,sql_injection
12,7.34,5,3,637.83,7.02,2.41,sql_injection
27,6.64,3,3,735.71,3.42,1.82,sql_injection
6,5.35,2,2,888.84,3.77,3.12,sql_injection
3,2.62,5,2,421.21,4.59,3.09,sql_injection
10,1.34,4,1,868.79,2.02,2.04,sql_injection
10,4.03,2,1,425.21,4.24,2.73,sql_injection
21,4.94,5,1,379.84,4.26,3.27,sql_injection
7,6.45,0,2,782.64,1.45,2.53,sql_injection
7,4.52,2,3,489.79,4.34,2.95,sql_injection
32,1.51,6,3,620.63,4.93,3.01,sql_injection
3,8.31,6,1,600.44,4.2,3.33,sql_injection
6,6.06,6,2,549.32,4.65,1.84,sql_injection
16,6.28,2,3,793.4,2.1,2.9,sql_injection
14,7.33,1,3,636.0,2.35,2.89,sql_injection
14,9.45,0,2,448.59,4.58,3.15,sql_injection
20,5.56,1,1,505.39,5.94,2.9,sql_injection
24,2.4,1,2,705.78,8.07,2.35,sql_injection
7,1.94,6,2,766.21,7.3,3.19,sql_injection
25,2.7,2,3,724.3,7.95,2.82,sql_injection
7,6.0,2,2,464.59,5.57,2.35,sql_injection
8,8.07,4,2,726.74,3.34,2.73,sql_injection
2,4.79,2,3,567.63,7.66,2.17,sql_injection
32,6.95,1,2,776.48,2.6,3.42,sql_injection
0,4.63,3,1,613.59,5.91,2.92,sql_injection
25,3.47,1,2,376.08,7.79,2.78,sql_injection
26,6.6,0,2,625.15,6.12,2.59,sql_injection
4,7.25,1,2,494.88,3.15,3.45,sql_injection
16,7.72,2,1,622.71,4.58,1.68,sql_injection
5,6.31,3,2,705.18,3.94,2.54,sql_injection
12,4.96,1,3,829.48,5.9,2.44,sql_injection
7,8.33,3,3,725.28,4.32,2.85,sql_injection
5,7.85,4,1,558.72,5.54,2.58,sql_injection
24,2.16,0,3,877.8,5.47,2.87,sql_injection
23,3.15,0,3,603.83,3.74,3.17,sql_injection
31,1.54,0,1,632.88,3.27,2.29,sql_injection
20,4.03,2,3,854.57,3.84,3.28,sql_injection
24,7.46,5,1,947.57,6.05,2.48,sql_injection
12,5.34,1,2,567.8,4.26,2.61,sql_injection
29,6.09,6,3,387.59,5.19,2.48,sql_injection
7,3.12,4,2,361.55,6.99,3.34,sql_injection
27,2.49,5,2,511.22,3.64,2.48,sql_injection
14,5.32,4,3,433.39,6.4,2.51,sql_injection
12,6.19,4,2,354.15,1.43,3.06,sql_injection
18,3.97,0,2,580.38,7.01,2.05,sql_injection
25,6.97,4,3,633.34,7.55,3.04,sql_injection
22,2.94,5,2,735.22,7.54,2.46,sql_injection
17,1.98,0,3,610.22,4.43,2.43,sql_injection
17,7.32,1,1,1092.14,2.25,2.47,sql_injection
23,4.0,4,2,913.19,6.45,2.15,sql_injection
10,6.63,4,3,401.05,6.44,2.45,sql_injection
7,5.11,4,1,485.54,3.5,3.03,sql_injection
16,7.81,0,2,656.16,5.83,3.45,sql_injection
9,6.24,1,1,534.4,5.27,2.7,sql_injection
15,6.33,3,1,492.71,5.96,2.73,sql_injection
7,3.65,3,1,762.41,5.69,2.94,sql_injection
20,0.57,4,3,564.67,7.64,2.79,sql_injection
10,7.66,3,3,675.5,4.41,2.53,sql_injection
11,3.11,3,3,370.51,4.38,2.83,sql_injection
12,4.88,1,2,355.77,8.79,2.44,sql_injection
3,9.17,6,3,720.91,5.36,1.91,sql_injection
2,1.87,4,1,536.54,2.92,2.95,sql_injection
13,6.55,4,2,438.54,8.36,2.15,sql_injection
14,3.71,2,1,351.73,6.82,3.09,sql_injection
16,3.46,2,2,323.34,4.21,2.22,sql_injection
18,4.76,6,3,555.06,4.48,2.37,sql_injection
4,2.78,4,2,835.65,6.49,2.36,sql_injection
10,5.62,0,2,758.41,6.24,2.37,sql_injection
15,7.71,7,1,726.75,7.82,3.31,sql_injection
0,2.93,0,1,597.12,7.42,2.81,sql_injection
21,2.64,2,3,502.33,4.23,2.81,sql_injection
22,7.04,1,1,350.51,7.52,2.04,sql_injection
18,4.8,2,3,618.09,3.48,2.59,sql_injection
15,5.79,6,2,628.76,2.97,2.85,sql_injection
24,6.51,1,2,819.73,7.4,3.43,sql_injection
29,7.35,0,2,858.33,2.36,3.06,sql_injection
3,8.66,3,3,473.03,5.77,2.23,sql_injection
35,8.24,2,3,694.45,7.05,3.11,sql_injection
16,1.65,0,1,557.27,3.74,2.79,sql_injection
10,1.72,1,3,726.56,3.66,3.29,sql_injection
9,7.62,7,2,660.28,3.16,2.68,sql_injection
26,2.24,3,2,414.86,2.64,1.88,sql_injection
2,8.31,6,1,636.85,7.32,2.2,sql_injection
28,5.37,0,2,903.39,5.08,2.24,sql_injection
26,4.35,0,3,389.83,7.66,2.36,sql_injection
6,5.64,2,1,846.21,6.56,3.32,sql_injection
4,6.77,1,3,809.15,8.16,2.57,sql_injection
11,0.95,6,1,855.76,2.12,3.34,sql_injection
2,8.02,5,1,607.01,4.2,2.71,sql_injection
5,5.33,1,3,803.87,5.3,2.33,sql_injection
24,6.95,0,3,586.33,7.8,3.32,sql_injection
18,7.05,5,1,609.94,3.34,2.67,sql_injection
3,1.93,4,1,384.58,4.06,2.51,sql_injection
23,9.49,2,2,611.41,6.42,2.7,sql_injection
3,5.62,3,2,871.43,2.05,3.41,sql_injection
16,4.59,7,1,655.25,5.07,2.81,sql_injection
0,1.5,4,3,405.4,3.64,3.21,sql_injection
25,5.03,5,3,658.25,3.85,2.52,sql_injection
12,5.2,5,3,669.98,4.02,3.21,sql_injection
12,4.53,1,1,759.8,7.86,3.49,sql_injection
21,4.4,4,1,649.98,4.23,3.63,sql_injection
0,1.31,6,1,902.1,9.07,2.31,sql_injection
27,8.89,1,3,555.03,7.72,3.05,sql_injection
0,2.15,2,3,608.17,4.84,2.54,sql_injection
12,2.0,6,2,914.74,6.37,3.15,sql_injection
28,2.39,6,3,397.29,6.1,2.68,sql_injection
14,3.55,2,3,497.09,4.15,2.36,sql_injection
18,3.12,1,2,392.58,2.95,2.17,sql_injection
15,5.43,4,1,458.78,2.58,2.31,sql_injection
18,4.63,7,3,722.46,3.49,2.71,sql_injection
10,7.44,6,2,634.17,4.71,2.33,sql_injection
23,7.82,3,2,719.2,6.56,2.21,sql_injection
23,4.33,1,3,717.53,7.49,2.76,sql_injection
19,2.48,4,2,405.46,4.34,2.26,sql_injection
11,7.16,4,3,491.24,3.01,2.88,sql_injection
7,5.98,2,1,905.09,2.96,2.51,sql_injection
14,1.2,5,1,531.43,3.67,2.63,sql_injection
12,7.15,3,2,687.64,5.09,2.23,sql_injection
13,2.53,4,1,761.62,3.72,2.59,sql_injection
26,6.13,1,2,515.39,7.35,3.37,sql_injection
5,8.65,1,1,671.03,7.13,2.39,sql_injection
3,8.14,0,1,895.56,4.71,2.19,sql_injection
14,2.09,2,2,739.71,7.03,2.54,sql_injection
12,8.23,5,3,916.67,3.19,2.96,sql_injection
9,3.7,5,1,474.05,6.76,2.64,sql_injection
12,3.61,6,3,698.21,3.31,2.17,sql_injection
23,4.21,4,2,867.21,3.33,2.95,sql_injection
4,6.34,4,2,674.58,3.07,2.02,sql_injection
10,3.64,3,1,511.32,1.51,2.64,sql_injection
27,2.35,6,3,538.55,4.45,2.91,sql_injection
4,5.77,3,3,350.79,2.95,3.26,sql_injection
27,2.56,0,2,807.65,2.97,3.18,sql_injection
9,1.95,5,1,670.38,3.39,2.45,sql_injection
10,2.97,1,1,723.8,5.44,3.53,sql_injection
17,4.71,1,1,417.04,4.12,2.45,sql_injection
2,4.16,5,2,501.98,3.24,3.02,sql_injection
25,8.68,1,1,577.03,7.37,2.78,sql_injection
10,5.97,4,3,895.51,2.15,3.2,sql_injection
22,6.46,2,3,432.5,7.1,2.25,sql_injection
13,2.93,2,3,768.07,5.68,2.12,sql_injection
16,5.43,5,3,333.53,6.59,2.63,sql_injection
12,2.8,6,3,933.61,6.63,2.81,sql_injection
10,3.37,1,2,645.65,7.12,2.69,sql_injection
3,8.86,5,2,458.08,6.08,2.75,sql_injection
2,1.37,1,1,596.75,0.93,2.95,sql_injection
31,9.21,0,3,790.22,5.38,2.16,sql_injection
21,7.78,0,2,932.68,5.05,3.03,sql_injection
11,5.18,2,2,489.96,5.04,2.83,sql_injection
22,8.0,4,1,614.48,4.62,2.48,sql_injection
21,1.97,0,2,622.89,2.83,2.18,sql_injection
9,4.17,3,3,546.06,6.16,2.34,sql_injection
11,4.1,0,1,804.02,7.02,2.15,sql_injection
21,7.74,5,1,921.96,5.89,2.2,sql_injection
9,1.76,1,1,914.81,5.24,2.36,sql_injection
3,7.18,0,1,481.33,2.65,3.04,sql_injection
8,5.83,4,2,677.59,2.08,2.99,sql_injection
21,5.14,0,2,631.99,2.6,3.07,sql_injection
30,5.87,1,3,879.26,6.0,2.88,sql_injection
3,4.21,1,2,348.37,3.91,2.63,sql_injection
21,2.09,5,2,709.49,5.39,3.45,sql_injection
27,6.34,5,2,313.85,4.88,2.4,sql_injection
13,5.53,1,2,862.21,7.08,2.33,sql_injection
29,6.87,0,2,851.28,7.78,3.23,sql_injection
15,2.85,6,1,323.93,2.29,3.53,sql_injection
7,0.98,1,2,454.98,8.23,2.33,sql_injection
22,1.44,7,1,492.15,8.45,2.25,sql_injection
16,8.17,2,2,832.68,5.04,2.0,sql_injection
16,4.75,5,1,825.86,5.54,3.44,sql_injection
30,7.41,1,3,773.73,6.78,2.1,sql_injection
28,6.72,0,2,415.15,3.71,3.64,sql_injection
21,2.21,1,3,534.23,7.5,3.37,sql_injection
22,2.44,3,3,652.18,3.1,3.32,sql_injection
24,2.41,3,1,545.67,6.23,3.26,sql_injection
2,7.41,3,2,639.17,2.55,2.42,sql_injection
9,2.04,7,2,428.33,4.63,2.5,sql_injection
23,6.51,7,3,394.89,3.88,3.15,sql_injection
6,3.46,3,1,750.47,5.65,3.1,sql_injection
26,3.13,3,3,762.85,3.98,2.7,sql_injection
6,3.22,0,1,797.79,8.05,2.58,sql_injection
23,4.05,3,3,755.69,4.18,2.26,sql_injection
13,5.53,6,2,623.37,3.25,3.15,sql_injection
28,2.26,4,3,811.25,4.95,2.18,sql_injection
9,1.58,0,1,872.68,2.31,2.97,sql_injection
23,4.29,2,2,549.34,7.16,2.43,sql_injection
4,7.61,4,2,890.84,2.87,2.46,sql_injection
0,3.07,0,1,620.34,4.67,2.15,sql_injection
0,2.72,2,1,572.19,3.67,2.17,sql_injection
5,6.54,1,2,424.82,2.22,3.03,sql_injection
1,2.44,7,1,347.16,4.26,2.1,sql_injection
2,8.53,3,3,445.04,8.22,3.04,sql_injection
2,3.94,2,3,463.6,1.41,3.36,sql_injection
24,5.81,2,2,411.28,7.6,3.12,sql_injection
29,6.72,5,2,852.65,3.66,2.53,sql_injection
19,1.96,0,3,883.35,5.43,3.45,sql_injection
28,6.52,1,1,643.74,2.01,2.26,sql_injection
9,5.31,3,2,562.88,3.34,2.43,sql_injection
32,3.41,3,2,522.21,3.33,2.87,sql_injection
17,2.1,0,1,366.41,4.13,3.6,sql_injection
21,8.83,5,2,764.92,4.86,2.71,sql_injection
11,6.33,2,2,468.95,2.95,2.92,sql_injection
8,8.6,1,1,917.18,3.57,3.24,sql_injection
27,3.24,1,2,624.95,5.63,2.08,sql_injection
1,2.34,3,3,520.98,4.96,3.05,sql_injection
3,7.22,5,1,790.22,5.59,3.28,sql_injection
10,5.4,6,1,997.75,6.68,3.39,sql_injection
28,2.12,2,1,594.68,6.41,2.22,sql_injection
6,6.6,5,1,926.28,6.89,2.72,sql_injection
18,6.74,4,3,692.46,4.47,2.62,sql_injection
4,7.97,0,1,347.73,3.92,2.63,sql_injection
27,2.56,2,2,639.31,7.3,2.28,sql_injection
21,7.12,0,2,598.36,3.44,2.4,sql_injection
24,4.6,0,1,901.55,6.0,2.92,sql_injection
26,7.31,0,2,388.85,3.2,3.16,sql_injection
16,5.46,0,1,844.47,4.89,2.13,sql_injection
27,1.78,6,3,830.23,4.94,3.27,sql_injection
12,4.5,1,3,834.24,5.77,2.99,sql_injection
7,7.41,3,1,802.99,3.42,2.08,sql_injection
24,8.85,3,1,769.5,6.82,2.26,sql_injection
16,7.98,3,2,545.35,2.32,3.11,sql_injection
21,6.21,4,1,783.09,8.1,2.74,sql_injection
27,6.32,1,2,800.91,3.13,2.91,sql_injection
10,6.13,2,2,733.75,3.64,2.94,sql_injection
8,3.36,4,3,250.0,7.03,2.09,sql_injection
15,6.55,5,2,413.06,6.96,3.18,sql_injection
15,5.94,2,1,408.4,2.31,2.03,sql_injection
9,4.83,4,1,444.43,5.89,3.05,sql_injection
11,6.43,2,3,757.63,7.16,2.23,sql_injection
29,3.33,0,3,808.36,6.4,2.5,sql_injection
12,6.31,0,2,400.48,4.81,3.29,sql_injection
11,1.82,6,1,593.37,7.08,2.35,sql_injection
5,3.64,2,1,459.99,2.29,2.32,sql_injection
26,9.46,1,1,393.67,7.25,1.79,sql_injection
22,2.15,1,2,339.69,5.84,2.5,sql_injection
7,3.13,0,1,806.26,3.45,2.98,sql_injection
21,6.15,5,2,339.38,5.18,2.65,sql_injection
15,6.62,3,2,899.96,3.36,3.45,sql_injection
17,5.18,2,1,469.78,5.41,2.92,sql_injection
13,2.01,2,3,675.04,6.26,2.22,sql_injection
10,8.06,2,2,654.77,2.29,2.91,sql_injection
15,9.36,4,1,484.44,6.7,2.25,sql_injection
18,3.85,0,3,751.31,2.6,2.26,sql_injection
16,5.39,2,1,483.92,6.59,2.31,sql_injection
8,3.99,6,1,805.0,4.34,2.3,sql_injection
11,8.47,3,2,784.6,2.41,1.94,sql_injection
4,2.77,0,2,813.23,6.17,3.54,sql_injection
16,3.61,3,3,837.52,2.26,2.6,sql_injection
23,4.15,4,1,852.22,4.48,2.98,sql_injection
13,8.17,3,3,767.36,6.37,2.22,sql_injection
4,3.86,5,2,274.39,7.82,2.5,sql_injection
26,8.9,5,3,749.51,6.21,2.54,sql_injection
9,2.45,4,2,581.32,2.86,3.18,sql_injection
16,7.78,3,3,363.17,5.7,3.41,sql_injection
6,6.27,5,3,626.42,3.76,3.63,sql_injection
25,2.66,5,3,827.15,6.57,2.3,sql_injection
28,5.52,3,1,429.32,6.68,2.05,sql_injection
0,3.36,6,3,332.3,2.99,3.24,sql_injection
16,8.51,1,1,702.41,6.36,3.08,sql_injection
12,4.83,0,1,681.65,5.07,2.73,sql_injection
28,6.41,3,2,737.81,2.7,2.21,sql_injection
19,5.1,7,2,471.43,6.84,3.13,sql_injection
20,5.67,0,3,806.35,7.46,2.36,sql_injection
3,6.13,0,2,439.62,2.96,2.81,sql_injection
12,4.78,5,2,892.29,7.61,2.82,sql_injection
16,3.75,3,2,767.99,4.39,2.57,sql_injection
24,6.39,3,2,421.03,4.61,3.27,sql_injection
21,3.92,3,3,639.82,3.13,2.18,sql_injection
0,6.02,0,3,813.23,3.06,2.82,sql_injection
30,2.4,2,2,866.6,4.46,2.24,sql_injection
27,1.08,3,3,894.15,3.1,2.25,sql_injection
10,7.92,2,1,380.7,6.07,2.95,sql_injection
30,8.66,0,3,437.06,7.16,2.65,sql_injection
22,4.48,5,2,332.99,3.56,2.36,sql_injection
19,2.18,4,3,558.27,5.78,3.2,sql_injection
25,2.76,2,3,554.4,2.48,2.11,sql_injection
25,7.89,0,2,648.61,4.66,3.29,sql_injection
14,1.78,5,2,526.45,2.94,2.64,sql_injection
4,1.56,2,1,766.35,5.55,3.28,sql_injection
14,6.38,0,2,600.47,8.06,2.12,sql_injection
23,6.53,7,2,527.73,4.84,2.41,sql_injection
11,7.16,4,1,371.43,2.12,3.24,sql_injection
13,5.49,7,1,798.65,1.92,2.38,sql_injection
32,4.34,5,3,777.14,7.1,2.04,sql_injection
10,9.63,3,1,408.56,1.74,2.6,sql_injection
22,4.83,5,3,856.84,6.82,2.36,sql_injection
7,8.13,1,3,713.67,6.48,2.02,sql_injection
24,3.52,0,0,793.77,3.19,2.64,sql_injection
18,6.41,0,2,593.47,5.05,2.87,sql_injection
5,3.45,4,1,542.68,6.78,3.7,sql_injection
25,6.97,6,3,434.26,6.78,2.94,sql_injection
17,6.33,5,3,660.67,4.17,2.11,sql_injection
20,6.75,3,3,727.11,7.7,2.86,sql_injection
4,2.58,1,1,378.28,6.47,1.69,sql_injection
14,3.8,2,2,544.96,6.74,3.2,sql_injection
18,1.24,5,3,810.38,4.86,2.7,sql_injection
21,7.04,0,1,562.0,5.0,2.32,sql_injection
16,1.89,4,1,407.78,2.03,3.33,sql_injection
6,3.26,0,2,842.39,5.85,2.76,sql_injection
5,8.73,5,1,628.58,3.7,3.03,sql_injection
8,1.67,5,2,644.6,5.12,2.25,sql_injection
7,3.74,1,3,336.64,7.91,2.64,sql_injection
10,3.8,4,2,386.09,7.15,2.2,sql_injection
5,0.85,4,2,811.46,3.03,2.98,sql_injection
6,4.14,5,3,687.96,6.47,2.23,sql_injection
12,6.67,2,2,481.09,3.75,2.76,sql_injection
17,2.53,5,3,728.48,3.77,3.33,sql_injection
15,4.19,3,2,386.22,4.03,2.13,sql_injection
28,5.62,2,3,401.22,4.72,3.05,sql_injection
18,6.85,5,1,872.01,2.22,3.32,sql_injection
18,4.66,3,3,634.15,3.13,2.56,sql_injection
16,9.4,5,1,562.99,1.98,3.51,sql_injection
23,6.91,2,2,549.94,3.9,1.97,sql_injection
18,6.49,3,1,997.27,4.45,3.44,sql_injection
5,6.08,6,2,420.53,2.51,2.7,sql_injection
25,1.34,2,3,763.83,6.35,2.57,sql_injection
16,4.25,0,3,637.05,3.53,3.21,sql_injection
5,2.11,3,1,432.19,6.14,3.3,sql_injection
19,8.25,1,3,834.08,8.12,3.28,sql_injection
25,5.95,3,3,657.17,7.08,2.52,sql_injection
26,6.65,6,1,663.29,5.24,3.34,sql_injection
17,7.52,3,1,575.71,4.72,2.87,sql_injection
11,7.69,5,3,895.05,4.78,2.5,sql_injection
5,2.56,2,2,471.25,6.16,3.43,sql_injection
25,7.56,1,2,328.51,1.99,2.5,sql_injection
4,1.96,0,2,798.15,3.01,3.01,sql_injection
19,8.92,6,2,611.13,6.29,3.27,sql_injection
4,6.5,1,3,957.43,1.6,3.48,sql_injection
27,7.76,4,2,776.12,4.28,2.87,sql_injection
0,1.55,4,1,537.81,4.17,2.51,sql_injection
16,4.24,2,3,790.95,7.61,2.37,sql_injection
28,4.82,6,2,726.76,6.75,3.45,sql_injection
16,5.31,2,3,396.43,3.55,2.51,sql_injection
16,5.55,0,1,559.81,2.88,2.64,sql_injection
6,3.36,5,1,747.78,7.93,2.61,sql_injection
2,7.97,5,2,531.02,7.18,2.59,sql_injection
3,7.44,1,3,660.46,6.51,3.59,sql_injection
27,3.54,3,2,891.27,6.79,3.72,sql_injection
15,4.78,2,1,461.28,5.9,3.12,sql_injection
2,6.88,2,3,451.35,0.88,1.91,sql_injection
20,8.31,0,2,531.25,3.66,3.46,sql_injection
3,7.69,2,2,418.2,5.27,3.62,sql_injection
19,6.11,2,3,667.37,5.58,2.52,sql_injection
13,6.08,1,2,836.63,6.82,3.49,sql_injection
14,6.62,3,3,396.18,5.66,2.76,sql_injection
12,4.35,1,3,613.3,3.27,2.31,sql_injection
31,7.35,3,3,713.89,6.01,3.15,sql_injection
21,6.91,0,2,778.66,6.94,2.71,sql_injection
27,3.25,2,1,330.47,6.61,3.05,sql_injection
20,9.16,0,3,489.82,8.04,2.34,sql_injection
25,7.57,5,1,478.43,1.51,2.05,sql_injection
11,6.11,3,2,798.11,3.35,2.1,sql_injection
9,3.13,4,3,579.47,5.29,2.5,sql_injection
22,5.43,3,1,391.77,8.7,3.31,sql_injection
29,3.45,6,3,550.82,3.86,2.54,sql_injection
12,6.47,3,1,754.06,4.62,2.06,sql_injection
16,5.8,4,3,849.44,3.68,2.13,sql_injection
15,6.84,3,3,841.9,6.28,3.41,sql_injection
8,5.08,0,1,573.7,4.4,2.23,sql_injection
22,4.85,0,3,304.08,2.52,3.57,sql_injection
11,3.28,1,1,593.22,2.67,2.35,sql_injection
26,6.18,4,3,504.57,5.57,2.31,sql_injection
10,1.47,7,1,371.05,7.21,2.78,sql_injection
21,7.91,4,2,520.58,5.16,2.78,sql_injection
26,2.83,5,3,725.95,7.0,2.68,sql_injection
5,6.28,4,1,388.02,7.47,2.86,sql_injection
22,3.41,1,3,495.35,4.31,2.76,sql_injection
18,4.8,3,1,714.18,6.03,2.97,sql_injection
24,5.7,2,2,754.75,4.33,3.19,sql_injection
5,3.87,3,3,693.87,7.33,2.65,sql_injection
32,3.8,6,3,821.14,5.25,2.73,sql_injection
18,5.71,5,1,567.82,7.34,2.41,sql_injection
27,7.53,3,3,851.81,6.35,2.18,sql_injection
10,2.91,1,3,550.7,5.92,2.9,sql_injection
10,3.95,0,2,699.65,7.19,1.97,sql_injection
25,8.41,5,1,409.9,6.44,3.42,sql_injection
30,4.42,0,1,362.67,7.82,2.76,sql_injection
8,4.76,3,2,785.02,4.31,3.15,sql_injection
19,6.65,6,1,438.5,3.98,3.2,sql_injection
0,2.38,7,3,680.32,7.01,3.36,sql_injection
6,2.66,1,1,758.4,2.57,2.78,sql_injection
8,6.96,1,2,617.0,5.79,2.97,sql_injection
8,7.29,1,2,588.52,5.25,2.79,sql_injection
9,2.49,2,3,565.13,7.0,2.8,sql_injection
3,1.95,2,2,453.54,8.24,2.15,sql_injection
25,8.63,5,2,887.75,2.36,2.72,sql_injection
13,3.47,5,3,842.81,5.59,3.33,sql_injection
29,2.53,1,1,820.79,3.44,2.75,sql_injection
21,2.09,3,2,566.07,2.49,3.28,sql_injection
0,3.12,3,3,561.04,8.57,2.41,sql_injection
16,6.2,5,1,834.88,3.23,2.77,sql_injection
10,7.04,6,3,888.42,7.34,3.27,sql_injection
0,7.5,3,3,656.7,1.85,2.27,sql_injection
14,6.71,6,1,497.05,7.83,3.19,sql_injection
21,7.34,3,1,850.88,0.71,1.94,sql_injection
5,4.14,5,3,775.91,5.11,2.32,sql_injection
13,9.91,3,3,411.88,6.01,2.51,sql_injection
12,3.19,4,1,704.85,7.11,2.94,sql_injection
27,7.55,3,3,771.92,7.92,2.38,sql_injection
16,6.26,4,1,394.11,8.44,2.33,sql_injection
14,5.21,3,3,836.45,5.51,2.63,sql_injection
9,3.35,1,1,452.25,5.84,2.38,sql_injection
22,6.25,5,3,406.78,6.0,2.09,sql_injection
14,7.16,1,2,629.36,4.19,3.01,sql_injection
18,2.2,0,2,618.31,4.86,3.32,sql_injection
17,5.4,1,3,603.89,0.79,2.24,sql_injection
17,6.71,4,2,680.39,5.12,2.65,sql_injection
35,7.62,0,1,909.84,3.01,2.32,sql_injection
10,7.5,5,3,819.74,5.31,2.71,sql_injection
25,2.57,1,1,752.36,2.03,3.06,sql_injection
17,7.23,3,1,559.95,4.24,2.94,sql_injection
31,7.12,2,2,798.65,4.11,2.93,sql_injection
24,5.71,4,1,686.04,7.05,2.66,sql_injection
16,9.3,2,2,682.69,4.66,2.36,sql_injection
29,8.09,0,1,716.08,5.8,2.72,sql_injection
9,6.39,1,3,533.84,6.34,2.45,sql_injection
22,1.37,5,2,433.2,3.55,3.4,sql_injection
0,2.08,5,3,822.74,5.83,2.89,sql_injection
10,8.84,7,1,481.12,5.81,2.64,sql_injection
3,5.17,3,3,590.09,3.54,2.61,sql_injection
9,9.63,3,3,546.33,6.17,1.86,sql_injection
0,7.92,1,3,837.75,5.63,2.25,sql_injection
21,7.69,5,3,833.6,4.93,3.06,sql_injection
10,4.14,1,2,463.27,6.04,2.27,sql_injection
8,2.47,4,3,624.94,7.07,3.36,sql_injection
11,4.63,2,2,424.2,2.65,2.42,sql_injection
12,2.59,4,2,411.95,5.77,2.22,sql_injection
18,8.11,1,2,568.54,5.98,2.87,sql_injection
21,2.62,0,1,800.27,4.22,3.12,sql_injection
13,3.41,2,2,529.83,2.68,2.57,sql_injection
8,6.33,0,2,708.53,6.87,2.84,sql_injection
27,5.63,1,1,788.23,7.31,2.59,sql_injection
3,5.7,2,1,371.2,5.32,3.09,sql_injection
18,8.68,6,2,615.33,4.33,3.16,sql_injection
2,3.76,1,2,717.25,3.77,1.97,sql_injection
2,0.37,4,3,491.6,5.79,2.58,sql_injection
10,4.95,1,3,542.01,5.74,2.68,sql_injection
9,4.21,5,1,883.12,7.41,2.29,sql_injection
11,7.14,1,3,840.63,5.45,2.46,sql_injection
18,7.39,3,3,828.46,7.0,2.21,sql_injection
12,6.67,2,3,609.87,4.52,3.17,sql_injection
23,1.64,1,3,848.65,4.33,2.36,sql_injection
16,5.78,1,3,748.88,4.23,2.74,sql_injection
11,6.87,0,4,853.22,4.81,2.28,sql_injection
19,4.13,7,3,359.55,7.63,3.19,sql_injection
17,7.76,5,3,347.55,6.25,2.25,sql_injection
0,4.31,4,1,900.1,6.31,3.36,sql_injection
26,2.04,5,1,787.53,9.41,2.71,sql_injection
33,7.47,4,2,638.17,2.13,2.12,sql_injection
19,4.16,3,1,423.77,5.47,2.41,sql_injection
22,5.47,1,2,605.48,5.48,3.11,sql_injection
24,8.59,7,2,613.53,2.96,2.46,sql_injection
24,5.85,5,2,700.1,6.58,2.28,sql_injection
10,6.15,2,2,780.67,6.61,3.2,sql_injection
11,5.07,5,2,444.39,4.96,3.25,sql_injection
12,7.27,3,2,375.46,3.47,2.94,sql_injection
23,2.01,6,1,888.32,7.06,1.91,sql_injection
5,7.3,1,3,782.6,3.83,2.32,sql_injection
20,2.86,4,2,488.77,4.67,2.57,sql_injection
15,7.42,3,2,676.21,5.48,2.65,sql_injection
34,8.18,5,3,475.18,3.47,3.45,sql_injection
19,5.02,1,1,569.26,6.91,2.65,sql_injection
29,5.68,0,3,562.1,6.51,2.39,sql_injection
11,5.71,4,3,339.8,6.33,2.15,sql_injection
20,4.4,2,3,867.14,6.13,2.08,sql_injection
22,2.94,0,3,842.45,6.05,2.28,sql_injection
27,2.25,5,2,812.19,3.57,2.86,sql_injection
11,2.78,6,3,559.85,4.26,2.65,sql_injection
20,5.06,6,2,674.79,2.22,2.33,sql_injection
23,7.07,1,2,521.29,4.84,2.5,sql_injection
27,6.24,1,3,549.26,4.24,2.27,sql_injection
1,7.55,0,2,544.32,4.32,3.14,sql_injection
7,3.29,0,2,382.3,3.51,2.93,sql_injection
23,6.18,4,3,730.43,2.04,3.49,sql_injection
28,1.64,4,2,967.68,2.72,2.98,sql_injection
9,2.18,6,1,281.76,2.44,2.77,sql_injection
10,4.63,5,2,846.32,3.64,3.49,sql_injection
19,6.21,1,3,531.1,6.26,2.49,sql_injection
11,4.5,0,1,669.49,2.84,2.2,sql_injection
26,7.19,1,1,604.58,5.55,2.85,sql_injection
22,0.71,6,3,819.98,2.35,2.9,sql_injection
25,9.16,0,2,564.25,7.12,1.88,sql_injection
29,7.08,3,3,552.89,4.73,2.71,sql_injection
17,7.53,2,3,695.95,5.63,2.77,sql_injection
21,2.81,0,1,489.8,7.48,2.24,sql_injection
25,5.5,3,3,847.22,5.36,2.57,sql_injection
29,7.2,5,3,636.43,5.93,2.43,sql_injection
19,4.5,0,3,686.58,5.73,3.04,sql_injection
17,2.9,4,3,373.42,4.87,2.43,sql_injection
30,2.79,2,2,945.31,6.12,2.57,sql_injection
28,4.31,4,3,474.63,3.19,2.5,sql_injection
15,8.08,4,1,521.4,4.05,2.7,sql_injection
5,6.92,5,1,637.02,5.03,2.92,sql_injection
25,7.68,4,2,758.56,3.2,2.65,sql_injection
12,3.49,2,1,927.03,2.08,2.9,sql_injection
5,5.56,0,2,472.91,6.03,3.23,sql_injection
21,6.25,4,3,485.91,1.72,3.19,sql_injection
31,5.47,7,3,854.17,5.55,2.61,sql_injection
18,6.29,2,3,449.88,6.44,2.73,sql_injection
3,8.45,1,2,416.58,2.18,2.56,sql_injection
0,2.44,3,2,526.09,5.58,2.45,sql_injection
18,7.28,7,2,737.14,1.94,3.07,sql_injection
20,5.44,4,3,843.96,4.01,2.92,sql_injection
12,4.31,3,3,706.34,7.3,3.67,sql_injection
27,7.45,3,3,626.44,2.98,2.91,sql_injection
6,1.41,3,2,784.82,6.64,3.06,sql_injection
6,7.94,3,3,775.36,7.95,3.49,sql_injection
4,5.94,1,1,450.46,8.01,2.96,sql_injection
7,6.0,1,1,676.88,2.95,3.0,sql_injection
25,1.45,1,2,586.57,3.15,2.49,sql_injection
31,3.6,7,3,412.89,7.96,1.93,sql_injection
6,5.39,2,2,747.47,2.54,3.32,sql_injection
8,7.07,2,2,761.95,6.44,2.51,sql_injection
8,7.56,4,2,570.82,2.61,3.28,sql_injection
0,4.58,1,1,399.01,4.38,3.12,sql_injection
28,4.24,1,1,925.54,8.45,3.31,sql_injection
28,2.76,3,1,455.78,3.68,2.21,sql_injection
21,4.53,5,2,776.67,7.3,3.32,sql_injection
30,4.31,6,1,499.33,5.73,3.34,sql_injection
0,2.54,4,2,981.38,3.41,2.12,sql_injection
10,7.2,1,1,369.06,3.52,2.56,sql_injection
11,1.83,5,2,433.51,4.49,2.8,sql_injection
0,4.11,7,2,523.37,3.06,2.32,sql_injection
19,2.69,2,1,914.68,3.49,2.89,sql_injection
2,2.89,1,3,760.21,4.31,3.04,sql_injection
14,4.52,3,2,647.68,5.5,2.32,sql_injection
10,5.2,0,3,370.15,3.47,3.16,sql_injection
34,6.75,4,1,908.69,2.69,2.87,sql_injection
29,5.16,6,3,774.04,1.62,2.83,sql_injection
8,5.38,2,3,835.24,2.82,3.28,sql_injection
6,6.85,6,2,539.51,3.97,2.63,sql_injection
24,1.78,0,3,602.2,5.61,2.22,sql_injection
7,8.76,3,2,364.58,7.64,3.3,sql_injection
21,2.12,2,1,717.82,6.23,2.9,sql_injection
22,3.54,3,1,622.65,3.85,2.27,sql_injection
8,9.58,0,2,534.15,4.83,3.13,sql_injection
26,6.26,3,3,387.16,4.06,3.12,sql_injection
18,4.63,1,3,743.67,7.88,2.61,sql_injection
22,3.92,0,3,874.63,4.35,2.61,sql_injection
16,8.56,0,3,474.83,5.07,2.88,sql_injection
25,2.74,3,2,547.76,4.0,2.41,sql_injection
6,1.38,5,1,857.54,5.39,2.69,sql_injection
28,5.58,3,3,530.38,6.22,2.92,sql_injection
9,6.47,0,3,570.46,4.29,3.01,sql_injection
6,6.35,5,1,485.04,3.71,2.63,sql_injection
5,3.27,4,2,448.47,2.52,3.14,sql_injection
6,5.66,4,2,661.67,7.64,2.54,sql_injection
22,6.31,2,1,570.42,5.77,2.63,sql_injection
7,5.78,0,2,340.03,3.79,2.11,sql_injection
21,3.14,3,2,860.26,8.14,2.52,sql_injection
12,3.13,5,2,494.67,6.21,2.71,sql_injection
12,5.91,1,2,843.09,5.57,2.06,sql_injection
8,6.8,0,1,503.53,3.34,2.77,sql_injection
6,6.65,2,1,753.04,5.39,2.95,sql_injection
7,8.28,2,3,809.84,2.6,1.96,sql_injection
0,3.07,4,2,886.64,5.04,3.34,sql_injection
7,3.99,5,3,393.4,4.65,2.15,sql_injection
11,7.51,3,2,660.52,6.77,2.2,sql_injection
5,5.7,0,3,433.34,4.97,2.52,sql_injection
17,6.31,2,1,659.59,3.22,2.48,sql_injection
19,4.97,3,1,513.7,4.11,2.55,sql_injection
14,8.76,3,1,691.08,7.62,2.98,sql_injection
25,7.61,0,1,516.55,3.84,2.01,sql_injection
21,5.98,6,3,620.02,1.98,2.57,sql_injection
28,2.84,6,1,737.21,2.94,2.31,sql_injection
3,9.33,3,2,497.8,4.12,3.13,sql_injection
14,5.85,6,3,746.28,5.66,3.46,sql_injection
17,9.36,3,2,620.43,4.77,3.01,sql_injection
6,4.05,3,2,455.47,1.17,3.63,sql_injection
13,5.1,1,3,1010.03,7.7,3.34,sql_injection
14,7.37,5,3,396.09,4.38,3.28,sql_injection
12,7.93,4,2,807.94,7.71,2.37,sql_injection
20,6.19,5,1,747.27,4.45,2.04,sql_injection
19,3.46,6,3,867.26,6.92,3.07,sql_injection
10,7.63,4,1,611.71,4.6,3.05,sql_injection
0,9.17,1,1,605.3,3.28,2.92,sql_injection
7,5.8,5,2,382.28,6.45,2.92,sql_injection
24,4.64,5,2,243.76,7.34,1.91,sql_injection
22,3.44,6,3,482.46,8.84,2.46,sql_injection
18,7.63,5,2,709.99,7.59,3.12,sql_injection
11,7.74,0,2,848.96,3.8,2.64,sql_injection
21,7.46,3,3,622.32,6.55,3.01,sql_injection
7,2.11,2,3,387.63,4.47,2.21,sql_injection
18,4.47,5,3,694.12,5.01,2.19,sql_injection
18,2.95,3,1,531.98,6.76,3.03,sql_injection
5,6.42,1,3,499.04,7.84,2.86,sql_injection
22,3.65,6,1,769.34,4.5,2.36,sql_injection
11,7.15,5,1,849.29,6.06,3.1,sql_injection
32,8.95,1,3,445.1,7.47,2.73,sql_injection
25,6.64,4,3,480.29,7.37,2.73,sql_injection
12,5.13,1,1,572.02,2.76,2.72,sql_injection
24,4.59,2,2,567.28,2.93,2.24,sql_injection
21,5.15,4,2,285.12,7.79,2.44,sql_injection
22,9.52,7,1,810.84,4.31,3.16,sql_injection
32,8.91,2,1,856.39,5.16,1.84,sql_injection
18,8.08,3,3,419.55,6.78,2.39,sql_injection
12,1.85,2,3,932.7,7.26,3.17,sql_injection
7,7.36,5,3,788.77,8.17,2.87,sql_injection
0,3.27,5,3,722.97,7.57,2.9,sql_injection
23,1.85,5,1,493.11,6.79,2.99,sql_injection
26,6.93,5,1,692.4,2.49,3.09,sql_injection
27,1.97,2,2,384.67,7.47,2.1,sql_injection
15,4.48,4,2,884.34,3.26,3.44,sql_injection
15,6.87,3,2,372.6,3.07,2.21,sql_injection
14,6.24,1,2,677.17,7.26,3.41,sql_injection
23,9.3,0,2,676.53,6.43,3.36,sql_injection
23,2.76,2,1,851.13,7.49,2.19,sql_injection
24,7.78,6,3,766.78,6.26,2.37,sql_injection
7,8.28,6,1,541.27,3.09,3.39,sql_injection
12,9.0,0,3,777.42,3.01,2.84,sql_injection
27,2.64,4,1,788.47,6.0,3.08,sql_injection
3,6.27,6,2,612.31,5.0,3.32,sql_injection
22,4.19,0,1,568.32,3.98,2.8,sql_injection
19,7.52,3,1,707.79,2.59,3.4,sql_injection
19,8.78,4,2,616.84,2.21,1.84,sql_injection
13,3.1,1,3,640.16,8.21,3.12,sql_injection
19,6.04,5,3,511.64,1.73,2.52,sql_injection
26,2.75,4,1,346.54,5.31,2.29,sql_injection
21,7.32,4,1,878.18,4.88,2.63,sql_injection
24,4.42,3,2,791.57,5.48,3.02,sql_injection
14,1.3,1,1,766.12,2.91,3.5,sql_injection
6,3.41,4,1,699.4,6.94,3.1,sql_injection
21,3.59,2,2,801.17,3.5,2.23,sql_injection
1,8.02,2,1,681.86,7.3,2.98,sql_injection
10,8.1,1,1,868.53,3.32,2.7,sql_injection
19,6.22,4,1,587.42,8.51,3.14,sql_injection
28,6.13,4,2,671.98,5.85,2.61,sql_injection
7,6.04,3,3,655.51,3.74,3.0,sql_injection
13,7.23,5,3,794.1,4.19,3.56,sql_injection
8,6.83,3,1,612.9,5.11,2.68,sql_injection
21,4.05,4,2,759.71,2.97,3.3,sql_injection
24,0.83,4,3,874.13,7.03,3.23,sql_injection
19,4.8,6,3,626.89,7.67,3.04,sql_injection
26,4.94,4,1,523.08,3.79,2.54,sql_injection
9,1.57,5,3,713.9,5.13,2.69,sql_injection
25,10.23,4,3,706.36,7.1,2.56,sql_injection
14,6.04,2,3,477.88,3.5,2.05,sql_injection
26,2.7,1,1,803.18,7.25,2.73,sql_injection
27,6.96,1,3,327.31,5.37,3.49,sql_injection
15,6.42,5,1,809.6,6.99,3.47,sql_injection
8,9.38,0,3,483.49,7.45,2.42,sql_injection
0,2.34,5,1,673.11,4.26,2.89,sql_injection
29,8.61,5,3,567.52,4.83,2.6,sql_injection
14,2.71,5,1,562.18,5.93,2.98,sql_injection
0,4.28,2,1,608.1,3.81,2.88,sql_injection
21,1.89,2,2,808.09,3.5,2.34,sql_injection
12,7.86,3,3,692.85,7.47,3.32,sql_injection
12,6.55,4,2,348.12,6.07,3.2,sql_injection
16,6.22,2,2,561.43,6.17,2.37,sql_injection
27,6.58,4,2,855.75,3.57,2.6,sql_injection
33,1.17,5,1,368.86,7.01,2.78,sql_injection
25,9.03,1,3,654.18,7.68,2.73,sql_injection
27,9.14,5,2,646.96,3.7,3.12,sql_injection
22,5.87,0,1,636.49,5.28,2.7,sql_injection
12,9.03,1,2,726.36,6.52,2.65,sql_injection
28,2.43,3,2,870.1,5.71,1.82,sql_injection
19,3.0,1,1,663.59,3.35,3.52,sql_injection
15,2.44,5,2,453.09,4.18,3.21,sql_injection
12,6.09,1,2,782.5,6.21,2.25,sql_injection
17,6.66,6,2,686.04,7.81,2.08,sql_injection
34,7.09,3,1,705.36,3.85,2.02,sql_injection
17,4.61,2,2,333.52,4.52,2.84,sql_injection
20,4.53,2,2,422.73,3.19,2.71,sql_injection
15,7.39,7,1,449.27,7.06,2.67,sql_injection
3,4.99,4,3,496.65,4.55,2.89,sql_injection
5,7.82,4,3,768.37,7.25,3.34,sql_injection
13,5.86,4,1,478.48,7.23,3.02,sql_injection
21,1.32,1,2,776.76,5.98,2.78,sql_injection
4,3.01,3,1,314.76,6.57,2.57,sql_injection
11,6.4,1,3,670.94,2.97,2.31,sql_injection
20,6.65,6,3,741.61,6.85,2.39,sql_injection
16,2.72,4,2,463.28,4.91,2.41,sql_injection
10,3.92,4,1,533.42,3.5,2.6,sql_injection
17,4.13,4,2,469.45,1.09,2.92,sql_injection
18,2.27,6,3,767.08,2.67,2.58,sql_injection
7,1.58,7,3,547.02,3.37,2.01,sql_injection
26,9.98,0,3,439.11,7.81,2.13,sql_injection
6,9.0,1,1,870.22,6.38,2.11,sql_injection
3,6.61,0,3,712.83,2.79,2.74,sql_injection
21,2.32,6,3,753.17,3.47,2.23,sql_injection
21,9.4,7,2,854.33,2.11,2.64,sql_injection
16,3.07,0,2,804.16,8.53,3.14,sql_injection
20,4.55,0,3,727.11,6.26,2.8,sql_injection
15,7.24,4,3,496.54,5.37,3.47,sql_injection
16,2.14,4,2,669.93,3.65,2.86,sql_injection
11,7.9,1,3,620.19,5.45,2.85,sql_injection
15,1.06,6,1,643.8,6.29,2.97,sql_injection
236,30.16,9,12,1308.95,19.79,7.13,malware
263,13.59,0,1,1387.8,9.98,7.08,malware
79,3.8,5,7,2178.6,12.12,7.49,malware
265,3.12,0,6,845.41,20.12,7.66,malware
0,29.52,4,11,1679.97,9.83,7.69,malware
269,40.31,3,7,1563.61,25.29,7.89,malware
39,1.99,2,6,1118.46,13.32,7.29,malware
78,0.0,3,11,1878.83,11.39,7.44,malware
120,45.81,4,0,1796.15,13.51,7.33,malware
250,18.59,4,2,1320.43,32.56,6.52,malware
299,30.05,2,8,1751.75,3.68,7.06,malware
101,6.15,1,3,942.31,25.79,7.97,malware
233,32.74,4,5,1253.33,28.43,7.52,malware
27,29.39,5,2,1121.47,16.15,6.73,malware
253,28.61,8,13,1945.68,22.34,7.84,malware
291,1.87,0,11,810.65,11.41,7.64,malware
1,38.7,10,4,1328.92,5.04,7.36,malware
171,5.91,7,8,1360.01,14.49,7.67,malware
8,35.52,1,2,1822.65,17.09,6.85,malware
114,43.9,5,8,1265.02,22.12,7.66,malware
57,25.42,6,8,1323.46,14.95,7.94,malware
138,23.45,9,11,1472.08,22.79,7.62,malware
21,0.0,5,1,1675.56,15.06,7.3,malware
102,43.87,6,10,2031.59,14.29,6.66,malware
111,0.0,7,5,1236.18,21.15,7.11,malware
291,36.57,6,13,2007.4,26.53,6.63,malware
166,55.8,4,1,1049.81,4.18,7.19,malware
238,37.2,4,12,979.22,21.22,7.74,malware
50,19.57,7,3,1242.22,24.25,7.48,malware
253,56.26,5,1,1957.03,27.83,7.91,malware
42,27.03,8,4,1753.59,18.63,7.16,malware
21,15.34,3,7,957.3,17.0,6.79,malware
251,30.31,0,13,919.09,24.4,7.65,malware
227,34.1,6,2,1814.67,10.38,7.31,malware
141,1.93,2,5,1011.94,24.19,7.51,malware
242,20.34,1,7,1079.1,15.26,7.06,malware
244,14.41,3,13,1673.87,21.06,6.92,malware
46,20.14,6,8,1583.95,5.19,6.84,malware
203,32.46,0,9,576.16,14.33,7.03,malware
163,44.71,8,5,1856.9,20.71,6.82,malware
158,3.69,6,1,946.76,21.79,7.75,malware
229,42.48,4,5,1879.77,15.57,8.13,malware
105,55.14,3,4,881.87,16.16,6.92,malware
15,17.42,2,9,1050.93,27.14,6.71,malware
247,44.3,8,7,1663.48,9.16,7.39,malware
78,30.0,2,2,1132.21,11.93,7.55,malware
0,31.63,3,9,1265.53,24.48,7.65,malware
62,25.96,5,7,924.97,14.63,7.1,malware
128,17.32,5,6,1494.22,21.56,6.57,malware
105,17.66,9,11,1444.26,10.81,6.71,malware
271,18.79,5,9,1756.76,11.12,6.49,malware
152,41.89,4,5,1225.57,4.69,7.32,malware
87,47.5,7,5,1347.07,20.34,7.51,malware
56,50.15,2,2,2010.97,7.85,6.99,malware
108,50.76,1,5,1082.6,21.3,7.55,malware
157,6.25,3,7,774.81,13.51,7.51,malware
171,42.29,6,9,1160.05,6.68,7.12,malware
53,18.84,0,9,974.03,18.86,7.74,malware
300,4.58,3,1,1378.22,12.89,7.29,malware
166,40.26,7,3,1954.07,18.95,6.72,malware
258,45.07,7,7,1184.74,17.18,7.2,malware
241,41.16,1,1,1724.69,6.35,7.24,malware
216,44.51,7,9,1646.26,20.46,7.11,malware
91,50.42,7,10,1079.33,14.02,7.82,malware
138,47.91,7,6,1864.73,24.05,7.63,malware
281,43.37,6,5,1678.39,25.53,6.97,malware
206,31.06,8,10,822.8,29.19,7.29,malware
261,0.0,1,10,1924.61,27.01,7.91,malware
128,18.77,7,12,1044.33,4.75,7.29,malware
235,20.91,7,13,1294.96,12.14,7.39,malware
55,36.58,4,6,1443.73,7.62,7.45,malware
79,44.2,0,9,972.32,17.67,7.03,malware
143,20.34,2,7,1788.15,29.46,7.15,malware
154,12.88,0,9,1328.82,17.81,8.14,malware
266,19.7,5,13,1298.7,25.75,7.57,malware
0,49.09,4,5,2020.14,5.98,7.0,malware
222,40.96,3,5,1431.58,11.01,7.23,malware
186,18.85,7,8,892.52,6.66,7.91,malware
158,7.26,4,8,1197.08,14.31,6.9,malware
235,10.56,4,14,1868.35,5.94,8.0,malware
251,4.88,5,6,1060.24,16.62,6.93,malware
72,32.69,0,9,1218.46,29.47,6.59,malware
196,48.77,0,11,1822.35,22.21,7.63,malware
156,17.56,3,10,1919.99,7.41,6.84,malware
179,48.4,3,0,1197.18,21.85,6.5,malware
94,31.96,4,1,1370.61,7.18,7.77,malware
99,37.71,4,10,1715.61,26.22,6.94,malware
148,20.47,0,4,874.79,22.33,6.68,malware
164,8.59,6,2,1496.3,26.77,7.4,malware
145,6.18,6,9,1277.92,17.03,7.98,malware
244,12.17,9,3,1588.01,14.86,6.66,malware
250,31.59,8,9,871.82,20.53,6.38,malware
69,23.3,3,7,2017.88,28.03,7.87,malware
134,18.39,3,13,923.46,27.18,7.27,malware
261,13.82,6,9,2004.99,13.14,6.45,malware
296,48.37,5,9,1014.99,19.81,7.79,malware
242,30.7,0,11,1668.25,27.11,6.95,malware
117,40.73,1,5,880.76,9.69,7.04,malware
69,9.62,9,1,1328.58,8.36,7.28,malware
296,2.93,8,7,1480.29,19.05,6.77,malware
150,22.2,3,3,922.21,13.61,6.98,malware
31,10.98,4,7,1619.23,11.64,7.66,malware
158,48.13,3,11,1461.92,5.13,6.99,malware
35,37.0,2,1,1070.44,18.76,7.49,malware
0,6.16,8,8,1630.22,4.31,6.91,malware
152,10.11,0,0,1868.59,16.94,7.48,malware
11,34.73,5,5,2131.93,17.54,7.42,malware
175,44.86,5,3,1315.62,19.49,7.6,malware
0,6.73,3,5,1264.82,15.36,7.93,malware
160,32.66,7,5,1036.54,29.47,7.5,malware
35,46.88,0,5,1277.53,14.2,7.19,malware
272,3.39,4,4,1251.85,26.83,6.65,malware
10,13.55,6,1,856.61,22.82,7.62,malware
59,28.89,6,4,1555.72,12.12,7.92,malware
115,39.02,3,4,1326.71,17.91,7.13,malware
55,33.97,1,6,913.57,23.89,6.57,malware
209,23.57,3,7,1912.93,9.33,7.64,malware
158,45.29,3,13,1249.48,28.26,7.93,malware
48,24.69,7,0,1159.44,7.1,7.19,malware
193,10.94,3,7,1227.18,20.58,7.49,malware
251,12.18,0,9,1289.21,17.82,6.55,malware
153,42.58,2,10,991.99,26.67,6.84,malware
34,10.81,2,6,710.89,23.52,7.66,malware
40,36.71,2,9,1319.1,32.34,6.89,malware
179,31.45,6,0,1648.56,18.77,7.4,malware
157,10.79,3,0,1299.82,17.72,7.21,malware
97,20.02,7,0,881.52,8.93,6.84,malware
106,33.72,0,7,1383.38,18.91,7.24,malware
281,44.04,7,9,1953.24,24.73,7.49,malware
230,39.47,3,3,1420.42,13.39,6.41,malware
71,38.0,1,3,1907.75,17.16,7.32,malware
26,47.18,4,3,1122.49,9.01,7.56,malware
198,16.77,5,9,1911.37,15.02,7.69,malware
0,9.66,4,7,1089.4,29.52,6.59,malware
97,24.71,6,2,1352.72,11.71,7.81,malware
55,36.39,8,9,1414.45,11.86,7.58,malware
281,18.06,0,2,1613.95,8.18,6.71,malware
158,0.0,8,2,916.47,19.33,7.81,malware
243,33.89,4,8,1329.6,6.04,7.44,malware
101,3.54,7,10,813.84,23.76,7.65,malware
36,11.48,9,5,1731.26,11.2,7.34,malware
165,32.33,7,9,1898.98,17.08,7.45,malware
226,15.23,5,12,2125.4,17.82,6.94,malware
24,26.78,5,7,1056.91,16.61,6.59,malware
29,0.0,7,2,1901.3,23.86,6.71,malware
0,37.28,5,10,1271.54,9.08,7.72,malware
185,8.52,4,6,1843.38,21.85,6.56,malware
271,21.4,2,9,1133.38,21.92,7.09,malware
6,25.7,7,13,1013.73,20.09,8.16,malware
64,46.05,7,4,1919.56,24.81,7.23,malware
169,42.69,0,4,903.75,16.81,7.57,malware
38,49.07,6,6,1695.24,27.5,6.5,malware
155,40.35,2,8,1830.81,15.13,7.74,malware
24,49.62,3,6,950.47,23.38,7.32,malware
330,25.61,3,9,1349.1,11.21,6.76,malware
22,42.25,0,3,1834.05,26.28,7.92,malware
92,2.85,4,11,1933.52,10.73,7.94,malware
78,36.37,3,10,1619.34,22.8,7.03,malware
18,23.63,6,6,1380.38,13.46,6.96,malware
128,45.53,6,5,1643.36,2.98,6.7,malware
98,4.27,1,11,838.26,26.9,7.39,malware
312,3.49,3,7,1596.14,8.39,7.71,malware
116,19.74,3,10,1207.82,19.28,7.2,malware
78,14.14,3,12,1694.81,7.2,6.44,malware
279,13.98,0,2,1933.42,14.17,7.42,malware
110,40.58,4,3,1903.1,27.91,7.24,malware
77,6.35,2,10,1368.61,11.76,7.89,malware
83,0.0,5,4,1555.88,15.44,6.63,malware
154,16.21,5,5,953.06,28.2,6.62,malware
0,28.82,5,4,1664.44,26.7,7.07,malware
305,6.32,7,5,1105.25,9.47,8.15,malware
201,10.28,5,4,942.43,14.22,6.8,malware
4,39.29,8,0,1614.63,27.18,7.55,malware
124,5.23,5,5,910.24,27.24,6.8,malware
117,21.06,4,10,1706.41,8.66,7.64,malware
195,39.29,1,11,2139.6,2.23,7.12,malware
30,56.02,7,12,1861.32,10.11,6.52,malware
94,22.93,2,3,1178.8,20.28,7.39,malware
300,0.0,0,12,921.17,15.1,7.29,malware
157,22.32,5,13,1216.9,27.02,7.34,malware
38,0.0,1,5,622.96,14.85,6.68,malware
205,18.54,5,8,1173.95,12.41,7.25,malware
186,14.76,2,1,1736.26,26.71,8.12,malware
64,42.27,8,1,1152.3,15.59,6.8,malware
118,7.29,4,13,1628.25,8.01,6.71,malware
153,13.39,3,10,1765.24,17.93,6.72,malware
41,4.8,9,4,1002.28,22.12,8.01,malware
121,28.44,4,12,1903.18,19.7,7.89,malware
135,32.19,9,7,1193.34,15.98,7.81,malware
180,43.41,4,13,1810.49,16.57,6.47,malware
130,43.63,4,9,1514.76,29.93,7.92,malware
135,30.2,4,6,1266.7,18.89,6.74,malware
47,43.89,4,13,1621.85,16.76,7.0,malware
197,39.56,2,12,1413.35,6.77,7.62,malware
39,49.6,8,8,1885.78,18.29,7.58,malware
101,42.22,6,9,979.08,14.49,6.55,malware
0,8.17,0,10,1991.11,9.5,7.33,malware
63,41.81,9,12,1388.21,10.08,7.56,malware
40,30.54,5,4,730.67,21.61,7.97,malware
78,20.13,0,10,807.96,23.3,7.87,malware
204,4.21,4,8,1997.6,19.51,7.35,malware
256,41.45,3,10,1558.28,6.48,7.26,malware
96,35.1,3,4,1907.81,14.76,6.74,malware
9,37.76,3,5,1488.77,19.54,6.92,malware
162,44.81,7,12,912.42,15.71,6.57,malware
61,7.77,3,1,757.3,17.81,7.66,malware
282,33.76,4,13,1643.18,18.55,7.83,malware
261,3.54,6,0,943.74,9.86,6.85,malware
108,38.01,6,11,1487.93,27.17,6.97,malware
137,35.51,7,10,1787.56,20.33,6.42,malware
212,3.11,9,13,1806.74,7.04,7.48,malware
203,30.87,3,4,1164.99,19.57,6.84,malware
286,25.78,0,10,2065.18,14.19,6.81,malware
306,23.79,5,7,702.69,5.07,7.76,malware
25,31.02,3,9,893.63,23.54,7.17,malware
213,42.22,4,7,1897.11,29.91,7.07,malware
94,39.28,4,4,843.03,15.31,8.03,malware
153,18.13,1,13,1774.79,14.8,7.31,malware
278,44.19,0,4,1444.0,29.56,6.74,malware
168,23.18,1,5,1882.02,24.77,7.63,malware
206,33.04,5,1,976.65,10.86,8.04,malware
327,12.8,5,7,1540.44,3.92,7.98,malware
0,36.87,6,7,1828.87,25.01,7.29,malware
221,32.83,5,4,610.56,27.18,6.81,malware
243,18.45,4,6,1120.6,5.23,6.41,malware
151,41.3,4,6,1157.54,26.53,7.84,malware
63,35.14,4,2,1742.72,22.1,7.77,malware
197,33.02,1,11,1775.39,23.68,7.06,malware
221,52.68,7,8,1246.53,9.29,6.79,malware
224,30.53,1,5,1096.02,20.1,6.61,malware
262,22.03,6,12,1657.02,26.63,7.91,malware
191,33.03,7,11,1677.89,13.43,7.33,malware
54,14.5,5,7,1168.5,25.36,6.61,malware
212,29.73,8,1,921.74,24.06,6.98,malware
65,19.47,3,5,1285.92,16.08,6.65,malware
58,39.11,0,11,1275.41,11.19,7.35,malware
204,23.52,1,7,1510.57,20.9,7.42,malware
110,24.2,2,5,1239.28,18.73,6.55,malware
95,0.0,6,9,1176.3,14.43,7.5,malware
186,49.91,1,1,879.46,30.71,6.52,malware
136,34.63,3,3,1714.73,19.72,6.82,malware
33,49.15,5,11,1563.67,24.75,6.77,malware
174,49.52,7,10,1228.48,14.65,7.26,malware
53,40.16,3,8,1070.11,30.78,6.79,malware
227,34.46,4,4,1554.25,23.08,7.62,malware
152,15.01,5,6,1414.15,8.99,6.94,malware
97,7.5,3,4,1091.47,17.68,6.38,malware
0,9.44,3,3,933.77,19.6,6.94,malware
246,53.45,7,8,1530.11,23.36,7.1,malware
64,40.52,5,7,1296.66,6.59,7.72,malware
213,36.17,5,7,1218.18,15.44,7.52,malware
276,42.62,4,7,918.41,18.42,6.91,malware
411,22.42,8,4,1657.75,6.31,7.61,malware
180,38.36,4,9,1066.9,27.91,7.51,malware
152,5.57,1,6,832.18,26.33,6.58,malware
194,7.13,8,2,893.88,13.72,7.39,malware
111,27.18,2,7,1717.79,23.48,6.74,malware
0,8.74,2,11,1715.1,8.95,7.67,malware
112,22.38,6,4,853.07,9.37,7.0,malware
141,6.57,3,12,1850.11,21.38,7.13,malware
201,45.14,0,0,1037.54,22.13,7.9,malware
119,52.16,2,6,1003.5,29.18,7.65,malware
162,21.39,2,3,1475.16,23.71,6.71,malware
217,35.36,1,11,1434.07,16.66,7.82,malware
174,13.17,5,13,1263.7,23.45,7.36,malware
113,48.48,7,5,2026.88,14.04,7.71,malware
48,18.65,0,6,1263.93,18.66,7.77,malware
208,32.55,2,9,781.59,24.35,7.51,malware
109,43.41,8,0,1727.6,15.84,7.23,malware
141,16.87,5,6,1304.56,25.29,7.26,malware
10,8.92,4,12,792.14,18.43,6.77,malware
217,19.92,6,7,1335.29,1.87,6.41,malware
0,17.82,6,2,1824.73,25.23,6.29,malware
322,8.04,4,4,1190.93,13.24,6.52,malware
166,23.05,1,10,1185.03,13.53,7.61,malware
50,44.34,9,3,1684.4,19.3,6.89,malware
47,30.13,4,2,684.74,17.28,7.33,malware
97,30.81,1,14,799.28,24.42,7.41,malware
240,0.65,1,3,1369.08,19.34,7.42,malware
115,1.11,7,1,1743.81,26.32,6.51,malware
0,44.37,1,8,1330.55,15.65,6.79,malware
106,33.36,6,3,1061.5,16.75,6.8,malware
141,43.37,6,7,1799.86,10.15,7.84,malware
46,6.27,7,3,854.36,28.28,7.2,malware
14,11.64,1,6,1282.18,22.56,6.53,malware
237,11.12,7,11,1799.42,8.72,6.67,malware
244,22.07,1,7,1971.71,21.69,6.71,malware
190,14.45,7,7,1388.06,17.24,7.21,malware
173,22.74,2,2,1060.93,21.71,6.89,malware
89,39.69,4,3,1060.11,25.34,7.41,malware
280,16.4,4,9,1704.59,27.91,7.29,malware
77,32.42,0,7,1764.46,13.28,7.06,malware
117,36.28,0,5,1151.98,5.96,6.44,malware
154,42.93,8,10,1592.55,16.04,7.53,malware
304,33.92,6,11,1861.74,19.12,6.82,malware
126,18.53,8,5,1416.93,21.26,7.2,malware
80,16.99,6,11,1464.53,22.85,7.01,malware
113,18.29,7,0,1463.59,25.97,7.77,malware
164,21.17,0,9,2012.77,18.25,7.97,malware
156,44.66,7,6,1062.67,8.25,6.69,malware
354,45.89,0,1,819.1,16.5,6.64,malware
43,19.89,4,7,1391.66,7.11,7.73,malware
148,18.25,5,7,1487.17,20.12,6.65,malware
122,11.12,6,8,1593.92,29.65,6.87,malware
28,12.5,1,4,898.18,17.62,7.95,malware
237,38.53,1,4,2143.36,5.9,7.79,malware
137,46.55,0,9,1105.48,17.2,7.67,malware
48,48.55,0,1,929.81,18.9,6.74,malware
172,39.81,4,8,968.28,21.7,6.6,malware
177,34.22,5,13,918.28,9.76,8.27,malware
127,13.76,4,11,1402.28,21.87,7.61,malware
196,18.28,10,11,1296.1,24.68,6.51,malware
247,10.32,7,9,1478.66,5.98,6.67,malware
98,35.9,5,5,1801.68,12.79,7.32,malware
107,29.3,3,0,1636.22,29.14,6.5,malware
163,23.56,7,4,1300.57,24.01,7.99,malware
170,21.76,7,0,1164.48,15.49,7.67,malware
9,52.58,10,9,1338.77,27.61,6.88,malware
143,0.0,1,3,829.65,30.36,6.8,malware
305,43.09,7,10,1686.75,12.15,7.77,malware
72,46.62,2,5,1180.22,12.14,7.24,malware
24,26.16,1,8,1500.46,13.18,6.98,malware
278,9.63,1,8,973.0,12.67,7.35,malware
164,21.73,1,4,1858.98,11.02,7.41,malware
174,32.63,6,9,1391.7,12.83,7.71,malware
292,8.93,3,8,1048.43,19.14,7.24,malware
200,44.74,5,4,1097.09,4.12,7.67,malware
181,0.0,5,11,1384.81,23.12,7.45,malware
138,26.06,5,11,1565.78,18.84,6.88,malware
244,29.55,4,12,1031.35,23.84,7.05,malware
66,12.91,8,1,1601.12,16.69,7.71,malware
185,39.36,1,7,1153.35,35.94,7.3,malware
82,28.75,9,13,1430.05,35.52,7.34,malware
104,30.49,7,9,1769.24,9.39,6.54,malware
102,5.58,4,1,1764.32,23.64,7.66,malware
120,4.17,5,9,1308.99,27.65,7.16,malware
129,19.48,0,9,1498.88,20.46,7.66,malware
107,21.03,6,1,2016.31,6.85,7.72,malware
206,36.27,2,10,1941.38,26.91,6.58,malware
38,35.64,6,8,1497.84,27.57,6.94,malware
62,52.42,1,11,1445.43,13.38,7.53,malware
5,12.83,7,7,1140.51,15.63,7.48,malware
182,38.6,5,8,1275.68,16.64,7.36,malware
164,41.95,9,3,1030.69,18.85,7.15,malware
298,19.05,6,11,1549.13,19.94,6.63,malware
95,1.07,7,3,1541.67,10.17,6.71,malware
208,51.04,0,0,1040.09,8.58,6.77,malware
0,43.94,0,7,1157.75,26.87,6.72,malware
183,34.29,1,13,985.28,8.28,7.71,malware
69,1.8,4,2,1268.55,29.03,7.15,malware
219,16.82,5,1,871.61,22.12,7.23,malware
34,29.54,5,8,1261.16,13.63,6.84,malware
160,26.25,5,10,1523.18,29.67,7.54,malware
119,52.12,8,10,1013.18,7.46,7.55,malware
0,16.85,2,8,1040.93,29.0,6.96,malware
131,31.9,1,10,1234.04,27.92,7.88,malware
85,43.94,4,4,1779.36,28.96,7.55,malware
180,26.44,2,6,1630.06,12.61,7.68,malware
280,41.37,6,5,855.71,3.78,6.94,malware
179,41.29,0,5,1942.44,11.55,7.85,malware
84,4.82,7,12,1477.62,10.77,7.22,malware
282,20.61,5,6,952.61,4.48,6.56,malware
172,24.79,1,9,2066.12,8.39,6.67,malware
287,12.87,3,7,1824.41,12.11,6.88,malware
44,37.37,8,5,1025.55,19.98,6.98,malware
122,14.73,4,4,738.23,21.74,7.93,malware
157,26.4,1,8,1635.33,22.49,7.38,malware
122,40.58,1,10,1852.81,24.25,7.56,malware
210,20.58,0,2,1389.56,22.39,7.94,malware
150,40.92,6,3,860.63,14.35,6.44,malware
146,29.01,3,5,1722.68,31.66,7.03,malware
206,19.12,9,2,1193.74,27.06,6.79,malware
57,46.01,7,3,924.38,8.2,7.91,malware
254,31.96,6,12,1008.71,28.3,6.99,malware
167,36.4,7,4,697.89,13.17,6.88,malware
213,20.75,6,5,1432.24,23.55,6.98,malware
120,8.75,2,11,809.94,10.17,7.48,malware
112,23.32,3,10,605.74,22.26,8.13,malware
20,42.52,3,5,888.59,10.47,8.31,malware
109,14.27,4,12,1366.94,29.9,7.28,malware
116,19.5,5,6,1465.62,27.27,7.61,malware
18,26.37,7,4,1468.39,28.79,7.93,malware
85,28.14,4,6,1684.75,19.77,7.33,malware
119,7.51,4,2,1860.67,6.47,6.52,malware
108,30.03,9,8,1820.9,25.22,7.62,malware
210,11.82,2,8,1841.83,7.23,7.41,malware
160,42.89,5,3,881.37,14.41,7.48,malware
290,10.21,8,10,1188.06,9.67,6.64,malware
260,6.22,6,1,1412.27,22.98,7.81,malware
81,17.17,1,5,1036.38,22.56,6.88,malware
68,30.84,1,0,959.01,16.55,6.65,malware
175,23.3,8,9,821.15,6.95,6.54,malware
160,16.57,0,7,1888.32,8.4,6.97,malware
286,44.33,6,10,1809.48,19.98,7.95,malware
82,21.53,7,8,1419.57,26.77,6.81,malware
63,4.67,5,9,1587.09,19.11,6.38,malware
116,32.57,1,8,1297.41,22.27,7.49,malware
28,54.13,6,11,1540.56,11.24,7.95,malware
87,6.28,7,6,1324.67,8.08,8.08,malware
194,37.45,1,1,1604.15,5.59,7.53,malware
33,41.82,2,8,1976.98,5.55,7.3,malware
246,3.73,0,9,1521.93,26.74,7.69,malware
290,31.01,8,3,1347.4,12.23,6.96,malware
201,23.59,1,10,803.65,18.0,6.64,malware
116,19.59,3,10,1318.3,6.86,6.85,malware
192,25.63,7,2,1082.04,14.94,7.06,malware
100,15.93,8,3,1324.4,19.1,7.75,malware
88,11.07,6,3,1333.41,13.19,7.52,malware
195,56.78,4,6,758.01,7.33,7.76,malware
141,25.58,3,7,1875.17,16.04,6.94,malware
226,41.8,5,0,2022.1,12.3,7.13,malware
87,43.56,1,7,1298.29,22.76,7.49,malware
236,26.68,4,9,1168.31,28.45,7.27,malware
4,16.02,5,4,1468.87,24.53,6.97,malware
0,43.94,1,4,1264.65,15.08,7.17,malware
128,53.48,5,3,1384.95,25.46,6.57,malware
138,35.71,8,2,945.71,19.76,6.94,malware
12,12.36,5,1,1554.22,27.9,7.07,malware
110,18.6,2,3,1126.27,3.19,6.9,malware
250,38.81,9,4,1965.35,25.46,7.34,malware
256,49.35,6,12,901.57,22.9,7.59,malware
111,44.71,0,11,1654.77,11.95,7.63,malware
293,27.84,8,4,1180.76,24.78,6.87,malware
246,38.97,4,11,874.16,2.88,6.87,malware
252,47.63,2,14,1221.92,11.3,7.58,malware
132,40.78,2,12,1335.22,22.21,6.94,malware
152,38.64,2,7,1048.91,30.13,7.69,malware
43,31.47,5,7,1344.03,12.79,6.74,malware
97,54.49,5,2,1898.94,18.61,7.24,malware
239,23.51,0,12,1341.39,4.85,7.69,malware
205,2.53,8,7,1631.55,18.48,7.89,malware
117,22.26,0,4,1110.83,25.27,8.07,malware
151,51.56,1,7,1868.77,21.77,6.81,malware
59,0.41,4,12,1098.99,16.45,7.59,malware
89,23.65,0,3,820.17,13.37,7.02,malware
115,10.93,4,6,2022.31,30.83,6.83,malware
183,30.18,4,12,1414.1,16.62,6.81,malware
62,45.97,3,11,2133.52,12.37,6.91,malware
158,41.17,1,1,1138.44,6.85,7.41,malware
91,38.49,0,9,1311.12,25.25,6.66,malware
80,41.16,2,10,1332.16,23.97,7.72,malware
54,13.49,0,3,1103.46,16.88,6.7,malware
0,36.24,2,6,982.13,29.4,7.96,malware
157,20.21,4,2,895.96,14.97,7.77,malware
103,35.25,1,10,1095.3,21.71,7.36,malware
168,14.66,5,4,1412.93,7.2,7.49,malware
309,52.43,9,5,1544.54,23.81,7.3,malware
223,20.8,6,12,2015.33,26.66,6.85,malware
79,35.31,1,7,1658.5,14.97,6.51,malware
192,2.81,7,12,1191.63,19.37,7.88,malware
66,36.6,7,11,1970.32,6.5,7.01,malware
164,25.0,3,5,1156.67,7.5,7.77,malware
223,25.14,8,12,1147.4,15.77,7.17,malware
92,21.19,2,8,1271.0,27.83,7.26,malware
71,28.78,6,9,677.56,10.98,6.68,malware
291,58.35,0,8,963.12,28.49,7.24,malware
251,2.42,2,9,1812.57,11.25,7.61,malware
213,0.0,4,10,1668.75,4.3,7.56,malware
131,39.45,10,4,1908.44,19.84,7.54,malware
0,10.77,0,9,1590.78,8.27,6.63,malware
221,31.95,4,2,1425.31,16.36,7.45,malware
18,38.6,0,9,1925.76,3.68,6.83,malware
138,26.34,4,0,1888.23,11.45,7.6,malware
147,38.94,6,1,2008.34,16.46,7.66,malware
135,15.41,0,8,1382.7,15.79,7.13,malware
353,13.96,7,12,1865.31,17.4,7.32,malware
204,20.4,4,5,1292.57,17.43,7.06,malware
114,11.93,2,7,1281.92,9.09,6.56,malware
219,19.12,2,11,1690.07,25.88,7.17,malware
250,16.1,6,2,1171.92,22.64,6.92,malware
248,37.22,1,6,947.91,28.82,7.03,malware
208,42.6,6,7,1527.87,15.0,7.65,malware
7,41.78,6,6,1546.26,22.59,7.74,malware
2,2.6,5,13,1580.06,11.62,7.27,malware
327,19.31,5,11,911.32,15.25,6.99,malware
105,46.68,3,7,1444.38,32.72,7.57,malware
72,22.8,7,5,1699.19,10.84,7.57,malware
307,49.33,4,9,1693.9,15.5,7.82,malware
260,24.42,7,9,877.64,10.86,7.44,malware
194,48.85,6,14,1470.08,20.5,7.19,malware
231,21.0,4,11,1232.72,14.09,6.92,malware
290,49.08,2,2,1278.31,23.95,6.75,malware
267,30.05,1,2,1371.06,9.38,7.69,malware
161,45.0,7,5,1817.77,17.1,6.92,malware
0,42.26,6,11,2160.95,6.08,7.65,malware
277,56.36,1,10,780.44,9.96,7.04,malware
290,0.86,2,8,1683.28,9.14,7.39,malware
75,44.51,7,8,805.68,16.24,7.22,malware
218,49.73,6,8,751.3,11.53,8.32,malware
47,27.28,0,9,2099.31,22.91,8.02,malware
144,25.66,6,0,868.35,7.45,6.91,malware
276,0.0,3,1,1036.61,13.7,6.59,malware
202,15.37,5,4,1667.56,14.0,7.16,malware
240,46.71,6,3,1364.47,16.58,7.98,malware
31,26.71,2,7,1076.51,14.78,6.87,malware
271,6.83,4,8,1780.88,17.53,8.12,malware
255,21.92,3,5,873.85,8.62,6.86,malware
51,29.89,8,13,2048.24,6.96,6.66,malware
235,34.69,5,2,1161.13,14.69,6.76,malware
251,40.1,0,1,2058.98,23.23,6.81,malware
89,29.57,5,2,1462.28,24.48,7.04,malware
263,12.85,3,9,1946.99,7.91,7.49,malware
244,29.02,7,10,744.3,13.79,7.47,malware
161,11.6,2,1,917.19,30.02,6.92,malware
0,19.42,8,6,1356.55,22.21,7.6,malware
110,42.04,1,9,1144.09,22.08,8.17,malware
219,3.2,0,4,1465.28,29.07,6.76,malware
62,20.15,7,4,1701.16,12.52,6.88,malware
225,11.18,3,11,1115.85,12.94,6.48,malware
171,21.95,1,11,1199.07,30.88,6.55,malware
151,13.88,5,11,1776.97,6.09,7.8,malware
317,40.3,5,12,1879.37,10.62,7.67,malware
144,24.47,3,5,1433.8,5.76,7.17,malware
121,0.0,3,9,952.47,25.84,8.16,malware
109,4.3,0,3,1472.42,12.63,7.85,malware
80,30.2,7,6,1552.79,21.18,7.45,malware
106,7.41,8,8,1582.66,27.23,6.6,malware
293,6.53,8,4,1522.71,15.37,6.78,malware
251,29.57,4,10,918.85,10.74,7.75,malware
292,31.67,3,6,1569.92,19.15,7.52,malware
97,40.09,7,0,1619.45,19.43,6.66,malware
0,13.25,6,3,1001.79,18.04,7.29,malware
200,38.71,6,3,1078.81,22.9,7.04,malware
112,19.57,5,4,1545.47,16.9,7.94,malware
147,22.74,8,10,1672.78,10.63,6.98,malware
176,9.16,5,9,1145.39,19.41,7.9,malware
330,33.1,3,2,1432.96,25.31,7.45,malware
46,25.2,4,8,1609.6,7.25,7.71,malware
235,9.3,4,8,2023.74,22.76,7.0,malware
65,19.68,6,6,1096.21,24.31,7.68,malware
202,47.59,2,6,1454.94,29.12,7.45,malware
27,33.4,2,2,1595.95,9.8,6.64,malware
287,38.74,2,8,1190.04,8.91,7.96,malware
204,6.1,5,3,1572.51,23.13,6.98,malware
191,47.98,4,11,1646.49,12.44,6.94,malware
164,43.44,8,7,1125.28,4.52,7.22,malware
218,33.21,4,10,2018.47,7.46,7.99,malware
266,1.29,6,3,1894.22,31.05,6.74,malware
85,7.79,5,4,1518.61,29.35,7.15,malware
71,40.96,5,10,1108.64,10.33,7.62,malware
301,5.86,0,11,1181.92,19.21,6.64,malware
93,31.86,1,6,1450.16,4.99,7.88,malware
162,43.49,4,13,1376.4,20.39,7.92,malware
184,26.94,4,7,1649.35,11.6,6.92,malware
118,35.03,6,9,1781.54,20.18,7.45,malware
251,13.17,8,11,1964.31,8.71,7.33,malware
130,47.68,8,5,1322.88,25.57,7.31,malware
298,41.13,8,4,1805.52,20.41,7.15,malware
228,57.75,2,8,1333.24,10.79,7.79,malware
202,26.24,2,10,1772.12,14.25,7.17,malware
173,47.41,4,4,1955.91,7.38,6.81,malware
105,34.77,6,7,1102.76,33.99,7.42,malware
145,8.75,5,10,1765.42,24.13,7.63,malware
157,40.78,6,2,696.01,13.08,7.33,malware
232,0.0,2,5,1603.58,21.67,6.58,malware
167,20.06,3,4,812.39,20.9,6.72,malware
361,0.0,5,3,1178.09,25.78,7.84,malware
298,24.79,4,4,2075.58,25.49,7.92,malware
16,27.95,6,7,1532.61,11.4,6.75,malware
249,19.29,6,4,1253.37,22.95,7.24,malware
58,5.59,7,10,1489.53,24.88,6.46,malware
154,42.38,3,4,1595.74,24.46,6.64,malware
199,0.0,0,3,1741.25,10.66,7.28,malware
90,20.98,5,11,1940.57,18.36,7.37,malware
251,55.01,6,9,1591.74,22.01,7.58,malware
141,13.94,6,9,1470.53,15.0,7.64,malware
124,11.78,1,6,1085.09,15.45,7.42,malware
198,29.52,4,11,1695.02,8.34,8.19,malware
43,31.67,5,9,1921.0,24.59,6.6,malware
181,1.29,1,4,1252.07,17.03,7.72,malware
114,46.32,9,9,1067.03,10.22,7.45,malware
0,42.62,1,4,1923.7,17.6,7.41,malware
281,16.17,3,3,1419.0,4.16,6.68,malware
178,2.05,4,6,1489.57,17.0,7.28,malware
260,23.97,5,5,1314.65,4.82,6.83,malware
275,27.75,4,4,1597.86,10.69,7.49,malware
80,0.0,4,4,853.17,23.85,7.23,malware
72,17.46,7,9,1363.24,26.83,7.59,malware
317,6.8,7,6,667.73,4.58,6.81,malware
120,18.78,7,8,1781.81,14.54,7.81,malware
37,35.42,4,10,1832.45,13.32,6.78,malware
210,34.78,0,9,2040.35,14.88,7.64,malware
162,42.98,5,4,1686.05,17.2,6.6,malware
35,21.01,8,4,899.49,23.02,7.31,malware
18,34.16,7,4,1515.46,23.54,7.66,malware
80,43.91,2,11,759.83,11.04,7.59,malware
263,49.45,2,8,877.32,7.32,6.87,malware
255,11.2,4,15,1384.34,25.99,7.22,malware
132,9.93,3,2,1826.46,16.01,7.85,malware
275,42.55,5,10,1243.52,6.97,7.24,malware
38,8.31,1,5,1093.0,6.75,7.44,malware
129,11.84,2,4,1352.67,25.95,6.65,malware
242,26.92,3,2,1705.55,20.53,7.99,malware
199,5.88,3,7,1274.52,27.1,7.63,malware
284,37.36,6,1,1888.41,17.21,7.38,malware
26,38.67,1,3,969.51,4.87,7.32,malware
119,21.27,8,0,805.21,19.23,7.24,malware
243,34.03,8,3,1321.47,10.8,7.71,malware
239,8.17,4,9,1709.11,24.07,8.31,malware
63,16.62,5,11,1544.23,10.25,7.13,malware
195,5.23,7,3,1291.98,32.39,7.43,malware
0,46.99,6,9,1637.75,28.38,7.67,malware
119,8.63,1,4,817.97,13.09,7.48,malware
19,1.41,6,13,1125.93,18.67,6.74,malware
263,34.06,6,9,1412.63,29.98,7.86,malware
98,7.77,0,11,1311.07,14.18,7.63,malware
29,29.53,4,4,1757.61,21.64,7.62,malware
226,25.58,6,10,1294.75,21.63,7.83,malware
33,25.94,6,4,1670.29,3.17,6.81,malware
325,27.47,6,8,800.6,22.56,7.81,malware
114,3.34,3,9,1796.43,18.13,7.01,malware
70,50.22,2,6,959.42,12.74,7.21,malware
228,35.62,5,10,1534.53,17.64,7.05,malware
266,0.99,5,3,1911.52,7.82,7.34,malware
113,29.02,3,7,1737.22,6.57,7.06,malware
169,9.24,6,9,1038.83,25.83,6.48,malware
285,0.0,7,5,799.72,15.52,6.88,malware
181,52.46,8,7,1021.25,13.56,6.97,malware
251,24.34,2,9,2119.77,25.14,7.87,malware
110,27.94,7,1,1624.37,14.23,6.79,malware
102,12.26,8,13,1646.24,29.49,7.46,malware
247,13.35,1,9,1778.42,16.81,6.48,malware
225,48.02,7,3,2152.77,21.92,7.74,malware
104,11.98,0,8,1866.05,28.12,6.75,malware
222,40.19,0,10,1331.11,23.75,6.91,malware
275,51.2,4,7,1668.89,8.81,7.24,malware
117,7.98,4,13,1723.16,19.42,7.55,malware
105,19.94,1,11,1273.02,26.91,7.61,malware
88,13.64,2,8,2053.28,19.75,6.82,malware
170,25.4,2,6,1762.03,14.94,7.1,malware
185,3.34,6,7,1874.85,20.14,6.82,malware
297,0.0,9,7,1776.12,6.99,7.34,malware
51,4.42,3,8,866.23,14.71,6.71,malware
91,20.39,2,7,722.62,6.07,7.3,malware
89,34.53,5,9,1730.95,21.69,6.59,malware
117,3.43,6,11,1567.83,19.82,7.36,malware
139,38.59,2,0,1578.47,30.67,8.03,malware
196,48.54,5,13,845.24,17.24,6.92,malware
275,31.26,4,8,1866.66,26.12,7.71,malware
205,40.42,3,6,1187.45,26.81,7.35,malware
38,54.21,7,6,1339.27,19.39,6.94,malware
94,45.28,9,10,874.03,9.29,7.2,malware
68,32.67,1,6,1141.29,15.12,7.9,malware
206,0.0,8,10,1109.98,27.83,7.14,malware
112,44.98,0,11,1603.24,31.67,7.39,malware
315,36.42,7,5,1504.67,25.17,8.12,malware
0,27.99,3,5,1041.35,10.71,7.12,malware
280,37.05,2,8,1943.48,32.56,7.69,malware
134,48.85,4,5,1149.85,16.55,7.13,malware
173,2.66,7,10,920.4,20.07,7.29,malware
14,33.75,6,3,975.87,10.55,7.02,malware
124,6.52,7,6,2038.71,4.59,6.66,malware
86,4.97,1,5,1764.76,20.56,7.45,malware
209,35.22,0,2,1037.0,8.23,6.41,malware
183,24.94,1,6,1563.36,18.13,7.25,malware
112,30.38,3,2,1130.94,19.1,7.66,malware
45,32.86,1,8,1031.98,10.19,7.57,malware
268,39.65,1,13,1019.41,4.7,7.56,malware
185,6.99,0,8,1647.73,3.67,7.96,malware
231,16.19,0,10,1088.24,21.45,6.55,malware
248,43.54,3,11,1720.43,13.33,6.71,malware
170,9.01,4,4,1139.2,20.28,7.65,malware
86,32.33,5,10,1838.15,7.85,6.87,malware
295,25.88,6,11,1306.95,12.95,6.85,malware
264,46.67,9,13,974.19,18.83,6.73,malware
270,15.9,1,8,704.64,18.05,6.69,malware
94,19.69,1,0,1297.45,25.37,6.66,malware
249,6.65,9,1,1371.39,14.78,7.31,malware
117,41.7,7,5,1594.21,15.88,7.1,malware
223,36.73,1,3,1366.28,21.24,6.6,malware
125,14.81,9,5,1944.44,22.63,7.15,malware
131,4.63,4,7,1418.43,27.54,6.59,malware
279,28.01,9,2,1567.74,12.54,7.15,malware
16,47.36,4,8,1248.73,10.4,6.44,malware
33,34.5,0,12,1335.07,18.48,6.73,malware
237,19.39,4,12,1095.11,27.22,7.61,malware
56,15.91,6,2,1361.31,19.85,6.74,malware
264,15.77,4,11,866.46,23.24,7.62,malware
24,39.87,5,9,2118.13,19.11,7.74,malware
251,34.37,8,3,852.5,17.05,7.03,malware
169,19.22,0,2,1252.71,28.23,7.98,malware
81,36.03,1,9,1151.74,24.54,7.46,malware
50,41.85,6,10,1870.31,4.33,7.48,malware
217,12.67,5,10,1329.74,16.46,7.97,malware
129,34.2,1,12,1264.33,18.34,7.15,malware
259,4.16,9,11,1348.24,10.02,7.54,malware
298,22.99,0,13,1386.8,22.29,6.6,malware
279,31.85,2,3,1316.98,4.78,6.83,malware
0,43.95,4,4,2071.6,16.83,7.8,malware
59,0.55,7,0,940.23,15.54,7.56,malware
145,14.89,3,2,1574.16,16.08,7.55,malware
161,8.2,5,2,1195.41,18.16,7.33,malware
156,27.03,3,10,1133.33,27.49,7.89,malware
26,34.97,5,5,1384.76,8.91,6.83,malware
137,42.29,6,1,1395.3,10.43,7.17,malware
28,51.27,9,14,1029.67,29.75,7.52,malware
202,34.29,7,6,1170.35,13.02,7.83,malware
268,7.72,4,9,1055.6,16.35,7.78,malware
210,38.4,8,3,1689.89,19.08,7.03,malware
72,32.32,6,7,1581.84,10.7,7.14,malware
291,12.53,2,3,1411.81,23.66,7.16,malware
183,49.71,3,3,988.14,5.92,7.16,malware
205,35.22,1,2,2059.23,17.47,6.46,malware
197,34.74,0,3,1966.93,10.52,7.63,malware
130,10.56,7,7,1174.09,21.81,7.05,malware
128,21.13,3,11,617.34,12.07,6.66,malware
0,21.79,3,9,898.13,19.24,7.64,malware
125,24.76,6,8,1271.26,10.29,7.02,malware
289,13.98,5,11,1675.93,13.63,7.08,malware
2,40.09,7,5,1154.69,31.61,6.55,malware
267,28.49,6,8,782.77,7.87,6.89,malware
155,8.07,2,10,2022.79,20.33,6.59,malware
81,19.67,4,9,1085.38,16.67,7.52,malware
91,45.87,3,1,1335.54,23.2,7.41,malware
124,33.27,7,4,1392.24,10.16,6.98,malware
0,24.65,1,2,1326.16,16.14,7.54,malware
208,48.94,2,7,1886.52,19.6,6.48,malware
0,28.0,3,3,1207.44,22.43,6.7,malware
57,0.0,0,7,931.3,27.11,6.98,malware
240,34.51,3,13,1576.03,11.93,7.22,malware
144,23.28,5,11,569.31,17.63,7.09,malware
268,26.75,5,8,1121.3,24.54,7.2,malware
233,8.56,5,9,2106.16,11.55,7.85,malware
40,34.43,8,7,2042.0,18.29,7.79,malware
255,31.63,6,11,905.62,28.6,7.88,malware
140,34.77,5,3,1367.22,23.26,7.32,malware
16,40.64,0,1,1577.69,21.92,7.37,malware
185,30.86,0,7,1881.93,21.34,6.45,malware
216,53.89,4,1,1256.28,29.21,6.56,malware
50,12.28,2,6,1415.88,27.41,7.65,malware
46,8.52,0,9,1436.67,20.29,8.02,malware
134,11.56,0,12,1159.07,22.25,7.96,malware
36,9.99,2,1,1603.55,6.45,7.2,malware
180,26.45,1,6,1269.16,10.16,7.84,malware
20,32.98,6,12,1845.78,30.47,7.15,malware
310,18.48,1,4,1665.0,18.91,6.7,malware
10,11.01,1,2,1226.53,11.01,7.31,malware
97,4.32,1,9,1637.57,7.82,6.39,malware
153,40.04,6,6,747.63,26.68,6.91,malware
105,32.53,3,1,1348.21,24.11,7.59,malware
177,5.17,3,8,921.83,14.74,7.43,malware
203,35.13,3,13,810.47,19.5,7.65,malware
247,38.25,3,11,1470.59,26.55,7.39,malware
45,8.12,1,8,1518.94,27.36,7.02,malware
202,37.83,0,11,1644.82,26.07,6.42,malware
323,15.99,6,1,1226.3,6.67,7.25,malware
248,38.74,6,13,1643.81,22.05,6.7,malware
21,31.27,3,7,1642.53,18.85,7.24,malware
172,16.25,0,6,1765.86,11.22,7.71,malware
190,37.08,7,5,2081.82,7.4,7.96,malware
193,40.85,8,3,943.04,28.82,6.83,malware
96,8.92,6,6,1185.56,31.9,6.73,malware
103,35.55,2,9,1594.8,15.18,7.26,malware
28,9.99,3,3,1701.08,22.57,7.57,malware
152,34.9,7,3,1040.95,8.51,6.99,malware
107,32.47,0,12,1665.69,23.83,6.92,malware
117,34.9,1,8,1544.15,19.4,6.79,malware
83,28.18,4,4,1301.72,7.0,6.71,malware
240,16.32,3,8,937.4,9.19,6.8,malware
150,5.09,6,4,1747.11,6.37,7.71,malware
213,0.79,1,9,882.28,26.63,7.72,malware
146,9.62,6,6,1764.9,12.01,7.49,malware
134,52.14,7,7,1572.71,12.61,7.46,malware
164,9.88,8,7,1021.84,13.58,7.73,malware
229,24.64,7,5,1549.44,17.1,7.92,malware
229,11.81,6,7,690.78,10.85,7.91,malware
103,26.49,3,14,1092.23,11.1,7.17,malware
138,30.32,8,1,1007.58,18.12,7.76,malware
146,8.44,1,7,1644.25,23.95,7.2,malware
74,38.78,5,0,1750.04,26.26,7.01,malware
105,18.16,2,10,1669.78,17.72,7.25,malware
129,9.22,9,6,1748.3,11.63,7.02,malware
228,27.29,1,14,1711.75,7.29,6.92,malware
108,36.07,4,11,1012.25,22.79,7.41,malware
249,16.81,7,8,1619.29,17.64,7.93,malware
84,42.43,3,10,919.34,22.9,7.4,malware
67,25.79,1,12,869.12,26.33,6.93,malware
229,20.43,2,7,1487.81,25.54,6.79,malware
106,30.86,1,7,1496.09,26.21,7.87,malware
110,15.79,1,4,960.03,21.72,7.98,malware
59,45.8,8,5,863.78,18.26,7.6,malware
56,2.54,0,8,1116.48,23.56,7.54,malware
185,25.83,3,10,1223.3,9.26,6.72,malware
168,32.21,2,12,1115.0,24.41,7.54,malware
245,6.22,5,6,1519.97,7.17,7.84,malware
260,0.97,2,9,1251.16,0.0,7.65,malware
275,43.15,6,8,1767.51,3.71,7.65,malware
235,27.03,1,5,1881.64,17.27,7.25,malware
308,44.9,2,3,1386.51,18.56,7.45,malware
228,7.98,5,10,848.05,4.08,6.85,malware
278,11.8,4,3,1049.86,9.37,7.09,malware
142,14.27,1,10,1467.62,18.08,7.68,malware
121,19.08,6,10,1972.18,19.47,6.7,malware
186,53.43,6,3,1054.16,10.92,6.89,malware
68,51.59,6,12,738.77,32.19,6.36,malware
235,43.75,4,10,1162.82,18.76,7.76,malware
271,8.42,1,8,1700.74,5.41,7.61,malware
153,46.19,8,8,2051.2,26.98,6.83,malware
170,8.66,5,11,1281.53,24.24,6.5,malware
205,45.27,4,9,1117.88,16.34,7.63,malware
82,30.64,2,3,1924.21,16.96,7.76,malware
214,6.12,2,9,902.48,20.78,7.93,malware
159,8.27,2,10,1642.05,8.26,7.69,malware
280,3.12,3,12,1629.33,8.97,7.3,malware
132,44.23,3,3,970.97,14.38,7.16,malware
133,19.09,1,6,1610.01,25.47,6.86,malware
214,22.97,0,13,1507.3,20.58,7.83,malware
355,46.96,5,14,1601.72,12.23,7.4,malware
215,21.63,2,5,1555.57,12.54,7.49,malware
255,36.4,6,6,717.28,24.89,6.98,malware
188,41.14,0,3,1557.61,27.47,7.92,malware
127,32.55,9,7,964.48,15.65,7.32,malware
92,0.0,0,2,1668.32,26.23,6.79,malware
198,2.19,0,10,1007.51,8.44,7.22,malware
172,24.44,5,8,1380.74,23.18,7.73,malware
221,38.62,0,10,1624.05,29.2,7.42,malware
93,38.3,2,10,1581.06,10.72,7.46,malware
161,18.6,5,3,1633.23,19.26,7.47,malware
82,45.52,3,4,1709.78,9.89,6.97,malware
246,18.16,2,13,1310.51,5.15,7.55,malware
241,36.75,2,5,1388.0,7.53,7.42,malware
287,4.87,5,1,1920.82,32.42,7.25,malware
127,8.89,1,3,1777.5,16.3,8.17,malware
135,41.46,7,1,1404.42,25.22,7.65,malware
246,29.48,1,2,996.4,10.78,8.09,malware
152,18.33,2,3,825.82,17.54,6.52,malware
6,31.92,7,10,912.81,25.07,7.29,malware
187,42.45,8,0,2137.91,22.56,6.93,malware
139,24.52,1,11,1407.05,30.08,6.57,malware
209,39.98,7,10,1476.83,18.8,6.84,malware
313,37.49,1,13,1749.56,8.38,7.33,malware
111,35.52,6,9,1109.38,16.6,7.97,malware
86,32.32,3,10,1302.8,31.2,7.79,malware
197,42.06,7,13,1317.1,15.57,7.54,malware
44,22.07,4,7,1535.5,31.57,7.11,malware
82,37.02,6,7,1556.57,23.52,7.62,malware
280,44.78,7,9,1791.86,23.08,6.61,malware
68,44.35,0,11,964.29,30.78,6.99,malware
150,20.46,8,10,1634.09,11.98,7.03,malware
250,26.94,2,9,1838.51,16.76,7.02,malware
255,48.29,4,9,1998.74,6.36,7.79,malware
251,24.54,0,10,1261.44,19.14,7.76,malware
215,47.2,6,1,1168.95,22.36,7.31,malware
39,2.44,0,9,1360.97,4.96,7.69,malware
151,38.89,10,8,684.31,6.71,7.11,malware
39,39.26,4,9,1547.45,10.93,6.62,malware
55,25.0,3,10,1674.98,30.72,6.87,malware
282,32.28,3,6,1208.68,19.82,6.49,malware
48,19.19,7,9,1982.68,11.46,7.37,malware
0,30.64,3,8,670.35,19.22,6.86,malware
74,34.88,8,10,1385.03,10.4,7.32,malware
181,34.99,0,10,687.66,28.86,7.23,malware
29,38.21,6,4,1253.65,23.72,7.43,malware
38,1.71,6,3,1597.85,4.19,7.12,malware
177,54.15,0,9,1552.73,19.01,7.09,malware
194,30.53,0,6,1146.72,13.59,6.75,malware
99,53.2,6,8,2026.6,17.12,7.39,malware
249,35.11,6,3,1673.01,31.06,7.59,malware
110,25.42,1,5,1564.19,16.78,7.14,malware
250,54.28,6,5,1561.94,19.75,6.46,malware
220,21.08,0,12,1811.22,20.38,6.82,malware
257,41.44,0,3,1191.43,26.36,7.91,malware
277,25.9,6,11,1862.82,16.09,7.61,malware
197,38.83,5,8,1540.64,3.38,7.65,malware
137,9.18,7,2,2035.72,29.52,7.45,malware
165,25.56,5,2,1401.61,31.21,7.86,malware
248,28.2,0,10,1810.96,22.0,6.63,malware
264,19.98,8,5,1855.04,12.76,7.42,malware
312,43.14,1,4,923.6,18.75,6.85,malware
175,4.73,1,3,1334.08,17.81,7.42,malware
92,25.32,3,12,1124.19,21.67,7.18,malware
34,23.65,1,13,1615.28,7.34,6.98,malware
117,28.27,3,2,879.6,17.15,7.0,malware
168,22.38,1,6,1140.63,4.32,7.24,malware
247,10.9,1,9,1230.83,8.95,7.38,malware
27,37.18,3,2,1466.9,30.28,7.94,malware
46,0.0,2,11,1510.3,8.13,7.51,malware
67,16.47,0,11,1837.29,14.73,7.77,malware
127,45.96,2,10,1248.66,21.1,6.85,malware
146,22.7,2,5,1751.99,11.61,7.83,malware
232,1.37,0,5,1668.21,18.47,7.0,malware
21,9.52,7,12,922.17,10.04,6.96,malware
156,34.38,5,10,1916.52,23.43,6.84,malware
43,7.78,3,10,1645.89,14.46,6.76,malware
77,7.38,1,2,1791.33,23.87,6.71,malware
118,27.22,1,11,1855.02,15.29,6.76,malware
186,12.74,3,4,1726.38,24.57,7.96,malware
192,34.93,1,4,877.0,9.2,6.59,malware
106,29.19,5,8,1644.97,19.16,7.41,malware
245,13.72,7,6,1738.01,14.2,7.1,malware
253,40.96,3,12,934.27,11.58,7.19,malware
213,41.82,3,10,1076.89,25.82,6.91,malware
88,42.91,8,4,844.03,9.01,6.76,malware
249,48.34,1,4,844.53,12.76,7.39,malware
71,29.03,0,9,1617.08,23.91,8.12,malware
95,38.36,6,10,1678.72,17.97,6.43,malware
40,21.54,6,8,1837.36,23.16,6.79,malware
233,28.82,2,3,1158.44,11.33,7.06,malware
185,49.44,8,6,1878.35,18.91,7.39,malware
79,48.83,6,3,1456.67,11.25,7.94,malware
81,33.65,5,11,910.97,8.74,8.06,malware
195,34.44,1,12,1362.16,14.41,7.91,malware
76,37.51,7,4,1363.84,23.82,7.09,malware
113,10.49,5,9,1272.4,21.04,6.95,malware
130,11.7,5,4,824.88,12.69,7.88,malware
133,43.88,5,13,644.31,21.33,7.29,malware
247,44.17,2,11,1326.08,21.85,7.92,malware
233,47.76,0,7,1670.14,18.81,7.04,malware
88,1.79,8,12,1402.0,26.71,7.72,malware
66,19.4,2,5,1355.43,17.37,7.59,malware
104,37.81,7,2,950.93,11.38,7.27,malware
275,24.53,8,2,871.19,7.19,7.93,malware
81,47.85,3,3,1207.19,14.51,7.66,malware
217,21.76,8,10,1971.33,1.76,6.83,malware
247,17.26,1,2,1126.3,23.84,7.09,malware
20,5.03,8,11,1462.85,10.96,7.89,malware
87,18.95,6,1,1773.65,26.6,6.54,malware
230,42.38,4,6,940.8,10.45,7.75,malware
270,13.21,6,7,1841.93,24.16,7.58,malware
224,17.62,0,7,1732.13,7.11,7.57,malware
244,24.3,0,9,1638.4,20.58,7.72,malware
211,12.79,0,3,1497.42,11.99,7.81,malware
242,36.85,2,4,1225.33,31.64,6.97,malware
28,57.43,8,7,1087.72,22.79,8.07,malware
238,48.04,1,7,2011.71,24.49,7.98,malware
170,25.41,5,8,1226.15,30.93,6.78,malware
66,9.73,0,12,1770.73,18.02,7.19,malware
177,50.44,1,8,1187.53,3.43,6.94,malware
41,42.84,7,7,898.53,24.69,7.24,malware
159,15.15,8,10,1551.59,17.18,7.4,malware
213,4.31,1,2,1025.18,10.38,6.68,malware
302,20.62,7,7,957.42,9.17,7.37,malware
279,24.18,3,3,1277.59,26.01,7.6,malware
153,46.07,8,1,1840.83,20.15,6.75,malware
298,26.09,0,7,1743.13,1.74,6.9,malware
278,0.86,7,11,1044.45,29.68,7.63,malware
210,49.2,8,8,665.21,15.52,7.0,malware
207,26.79,7,6,1575.24,24.22,6.84,malware
160,46.59,4,11,1953.68,33.9,6.93,malware
55,8.47,7,4,1014.89,19.82,7.14,malware
51,52.34,3,10,1782.48,14.51,6.63,malware
205,24.42,6,9,1786.85,17.79,6.86,malware
228,28.64,5,2,1680.94,21.81,6.93,malware
12,2.06,4,3,1851.27,14.5,7.58,malware
225,23.88,6,8,1656.87,33.29,7.17,malware
249,20.97,6,3,1826.88,12.82,8.11,malware
214,10.55,0,4,1241.65,11.75,7.0,malware
178,44.49,0,0,1175.27,21.77,7.32,malware
237,48.52,5,11,1267.9,6.66,7.19,malware
53,28.4,7,7,1705.82,14.7,6.96,malware
142,38.22,5,7,897.94,8.26,6.91,malware
142,39.42,3,11,1303.29,19.69,7.56,malware
65,3.15,2,5,1488.73,28.48,7.49,malware
46,9.28,2,8,1533.8,10.17,7.02,malware
310,11.11,6,2,1281.73,14.75,7.25,malware
129,37.44,5,3,1327.21,15.48,7.08,malware
210,26.62,1,6,1308.34,24.93,7.83,malware
296,45.0,6,12,1638.61,15.67,7.15,malware
105,33.04,7,7,1627.32,8.18,6.72,malware
159,43.3,0,4,919.86,6.44,7.09,malware
198,7.0,3,6,717.34,9.03,7.62,malware
48,52.05,4,4,1366.28,16.44,6.8,malware
205,0.91,0,9,860.11,13.68,6.53,malware
266,25.66,6,7,1520.59,28.01,8.1,malware
192,36.18,4,2,1438.03,13.91,7.39,malware
135,12.54,7,10,1457.54,12.32,7.38,malware
175,25.81,7,3,1103.41,13.38,7.53,malware
194,30.3,6,4,1378.37,24.1,7.53,malware
190,42.97,3,8,1672.61,13.37,7.83,malware
164,12.01,3,11,1101.53,12.12,8.2,malware
215,0.0,0,2,1368.6,18.86,7.64,malware
253,22.86,6,9,1683.9,2.81,7.12,malware
85,11.99,1,1,1445.52,31.63,7.25,malware
223,45.9,3,5,961.15,8.94,6.69,malware
97,38.53,6,9,940.49,22.84,7.64,malware
75,17.28,7,12,920.78,26.09,6.26,malware
98,8.62,6,11,1894.49,6.99,7.01,malware
46,11.91,1,10,1480.12,27.2,7.43,malware
182,35.61,3,14,593.99,29.04,7.34,malware
303,18.69,8,12,1907.19,7.47,7.99,malware
90,7.19,3,8,990.15,19.49,7.09,malware
232,48.57,0,6,1958.28,33.48,6.87,malware
201,17.35,1,2,1010.95,11.35,6.86,malware
189,43.25,5,7,1440.71,4.59,7.23,malware
124,28.99,5,4,1575.2,14.86,6.52,malware
81,14.84,1,10,1139.51,25.2,7.52,malware
215,40.1,0,5,940.83,18.53,6.84,malware
160,31.45,9,8,1476.04,23.01,7.08,malware
299,27.22,6,1,1905.23,28.97,7.5,malware
217,13.62,6,5,1068.69,2.69,6.62,malware
198,35.02,3,2,1868.31,27.0,7.12,malware
105,14.98,8,10,1103.79,15.59,6.54,malware
0,3.0,1,9,932.55,25.65,7.18,malware
23,15.88,1,3,1039.84,25.94,7.52,malware
229,38.57,2,12,910.83,24.23,7.06,malware
173,39.0,4,9,1449.19,16.45,7.74,malware
283,25.17,2,1,744.71,21.68,7.9,malware
21,11.4,6,5,1589.1,21.58,6.83,malware
62,0.28,6,14,1912.94,15.51,7.05,malware
140,13.0,2,1,1885.01,13.47,6.97,malware
